name,policy,size,assoc,level,miss
164.gzip,2,16,16,1,0.022680853119863877
164.gzip,2,16,32,1,0.022699086662251365
164.gzip,2,16,4,1,0.022530016492029695
164.gzip,2,16,64,1,0.022666751833798463
164.gzip,2,16,8,1,0.022637832220929622
164.gzip,2,17,16,1,0.009913235010914736
164.gzip,2,17,32,1,0.009983203660688299
164.gzip,2,17,4,1,0.00957221878078726
164.gzip,2,17,64,1,0.01001387260570246
164.gzip,2,17,8,1,0.009775595641491363
164.gzip,2,18,16,1,0.0013995877986233986
164.gzip,2,18,32,1,0.0014414280528942038
164.gzip,2,18,4,1,0.0011285093113411252
164.gzip,2,18,64,1,0.0014605223532365885
164.gzip,2,18,8,1,0.0013039401274198082
164.gzip,2,19,16,1,0.00044033255372770023
164.gzip,2,19,32,1,0.0004516336720834675
164.gzip,2,19,4,1,0.00044954899976541333
164.gzip,2,19,64,1,0.00045730200274515955
164.gzip,2,19,8,1,0.0004282525807771967
164.gzip,2,20,16,1,0.000357450989284262
164.gzip,2,20,32,1,0.0003594908465561904
164.gzip,2,20,4,1,0.00035460755187490716
164.gzip,2,20,64,1,0.00036173314420889357
164.gzip,2,20,8,1,0.0003579903151841885
164.gzip,2,21,16,1,0.00034373758516979754
164.gzip,2,21,32,1,0.0003437638560589057
164.gzip,2,21,4,1,0.00034017401632959523
164.gzip,2,21,64,1,0.00034430318195883224
164.gzip,2,21,8,1,0.00034273156465159646
164.gzip,2,22,16,1,0.0003404459972991857
164.gzip,2,22,32,1,0.0003406963434189224
164.gzip,2,22,4,1,0.00033996230387031175
164.gzip,2,22,64,1,0.0003407210689616124
164.gzip,2,22,8,1,0.0003400163909949462
164.gzip,2,23,16,1,0.0003399669399095661
164.gzip,2,23,32,1,0.00034002257238061875
164.gzip,2,23,4,1,0.0003399576678310574
164.gzip,2,23,64,1,0.00034007820485167133
164.gzip,2,23,8,1,0.0003399561224846393
164.gzip,2,24,16,1,0.0003399561224846393
164.gzip,2,24,32,1,0.0003399561224846393
164.gzip,2,24,4,1,0.0003399561224846393
164.gzip,2,24,64,1,0.0003399561224846393
164.gzip,2,24,8,1,0.0003399561224846393
164.gzip,2,25,16,1,0.0003399561224846393
164.gzip,2,25,32,1,0.0003399561224846393
164.gzip,2,25,4,1,0.0003399561224846393
164.gzip,2,25,64,1,0.0003399561224846393
164.gzip,2,25,8,1,0.0003399561224846393
164.gzip,l,16,16,1,0.022246973932778278
164.gzip,l,16,32,1,0.0222356295447228
164.gzip,l,16,4,1,0.022278349101105523
164.gzip,l,16,64,1,0.022193767655602145
164.gzip,l,16,8,1,0.022261305475459993
164.gzip,l,17,16,1,0.009373287881728112
164.gzip,l,17,32,1,0.009373221431832132
164.gzip,l,17,4,1,0.009339132635194654
164.gzip,l,17,64,1,0.009373590769626064
164.gzip,l,17,8,1,0.009359483302174978
164.gzip,l,18,16,1,0.0009486897114349598
164.gzip,l,18,32,1,0.000962022960330565
164.gzip,l,18,4,1,0.0008998335844258554
164.gzip,l,18,64,1,0.0009703755577205447
164.gzip,l,18,8,1,0.0008955220679192793
164.gzip,l,19,16,1,0.00034009056762301633
164.gzip,l,19,32,1,0.0003400921129694345
164.gzip,l,19,4,1,0.00034838444184910725
164.gzip,l,19,64,1,0.0003400890222765982
164.gzip,l,19,8,1,0.0003401137478192883
164.gzip,l,20,16,1,0.00034001330030210996
164.gzip,l,20,32,1,0.00034001330030210996
164.gzip,l,20,4,1,0.0003400086642628556
164.gzip,l,20,64,1,0.0003400148456485281
164.gzip,l,20,8,1,0.0003400102096092737
164.gzip,l,21,16,1,0.00033997157594882054
164.gzip,l,21,32,1,0.00033997312129523864
164.gzip,l,21,4,1,0.00033997312129523864
164.gzip,l,21,64,1,0.00033997312129523864
164.gzip,l,21,8,1,0.00033997312129523864
164.gzip,l,22,16,1,0.0003399561224846393
164.gzip,l,22,32,1,0.0003399561224846393
164.gzip,l,22,4,1,0.0003399561224846393
164.gzip,l,22,64,1,0.0003399561224846393
164.gzip,l,22,8,1,0.0003399561224846393
164.gzip,l,23,16,1,0.0003399561224846393
164.gzip,l,23,32,1,0.0003399561224846393
164.gzip,l,23,4,1,0.0003399561224846393
164.gzip,l,23,64,1,0.0003399561224846393
164.gzip,l,23,8,1,0.0003399561224846393
164.gzip,l,24,16,1,0.0003399561224846393
164.gzip,l,24,32,1,0.0003399561224846393
164.gzip,l,24,4,1,0.0003399561224846393
164.gzip,l,24,64,1,0.0003399561224846393
164.gzip,l,24,8,1,0.0003399561224846393
164.gzip,l,25,16,1,0.0003399561224846393
164.gzip,l,25,32,1,0.0003399561224846393
164.gzip,l,25,4,1,0.0003399561224846393
164.gzip,l,25,64,1,0.0003399561224846393
164.gzip,l,25,8,1,0.0003399561224846393
168.wupwise,2,16,16,1,0.013776831167906354
168.wupwise,2,16,32,1,0.013790617589979811
168.wupwise,2,16,4,1,0.013841201178899446
168.wupwise,2,16,64,1,0.013799318684290669
168.wupwise,2,16,8,1,0.013833427038585328
168.wupwise,2,17,16,1,0.013621987862987595
168.wupwise,2,17,32,1,0.013618055575562402
168.wupwise,2,17,4,1,0.013582487349468
168.wupwise,2,17,64,1,0.013621085132527355
168.wupwise,2,17,8,1,0.013610455844711085
168.wupwise,2,18,16,1,0.012998330307156898
168.wupwise,2,18,32,1,0.013045110800846008
168.wupwise,2,18,4,1,0.013000169681028476
168.wupwise,2,18,64,1,0.01307646736139425
168.wupwise,2,18,8,1,0.01289362487808617
168.wupwise,2,19,16,1,0.012319604578349169
168.wupwise,2,19,32,1,0.012374168901766996
168.wupwise,2,19,4,1,0.012240936221211248
168.wupwise,2,19,64,1,0.012401599634499778
168.wupwise,2,19,8,1,0.012328622193536962
168.wupwise,2,20,16,1,0.012114949607873913
168.wupwise,2,20,32,1,0.012116249604332755
168.wupwise,2,20,4,1,0.01207117121780839
168.wupwise,2,20,64,1,0.012132936391176498
168.wupwise,2,20,8,1,0.012088951293599508
168.wupwise,2,21,16,1,0.011999900728717618
168.wupwise,2,21,32,1,0.012002728422878403
168.wupwise,2,21,4,1,0.012027761025497668
168.wupwise,2,21,64,1,0.012001265321273793
168.wupwise,2,21,8,1,0.012004072021702944
168.wupwise,2,22,16,1,0.01149270509167239
168.wupwise,2,22,32,1,0.011485985482647247
168.wupwise,2,22,4,1,0.011367026924699826
168.wupwise,2,22,64,1,0.01147792227479756
168.wupwise,2,22,8,1,0.011529009713276398
168.wupwise,2,23,16,1,0.010769871532702736
168.wupwise,2,23,32,1,0.010762675527459756
168.wupwise,2,23,4,1,0.010641748403446089
168.wupwise,2,23,64,1,0.010764574652721369
168.wupwise,2,23,8,1,0.01066805354918283
168.wupwise,2,24,16,1,0.010221528181655904
168.wupwise,2,24,32,1,0.010249149472875821
168.wupwise,2,24,4,1,0.01023040207052713
168.wupwise,2,24,64,1,0.010246849851810739
168.wupwise,2,24,8,1,0.010216476766844404
168.wupwise,2,25,16,1,0.009332913583586452
168.wupwise,2,25,32,1,0.00933810388000722
168.wupwise,2,25,4,1,0.009303262360007822
168.wupwise,2,25,64,1,0.009346616030733376
168.wupwise,2,25,8,1,0.009329162165233794
168.wupwise,l,16,16,1,0.013666182897880921
168.wupwise,l,16,32,1,0.013666182897880921
168.wupwise,l,16,4,1,0.01368962320670091
168.wupwise,l,16,64,1,0.013666182897880921
168.wupwise,l,16,8,1,0.0136677994152167
168.wupwise,l,17,16,1,0.013666182897880921
168.wupwise,l,17,32,1,0.013666182897880921
168.wupwise,l,17,4,1,0.013623375064177838
168.wupwise,l,17,64,1,0.013666182897880921
168.wupwise,l,17,8,1,0.013666182897880921
168.wupwise,l,18,16,1,0.01287196580665016
168.wupwise,l,18,32,1,0.01306564105548111
168.wupwise,l,18,4,1,0.012909510673322976
168.wupwise,l,18,64,1,0.01313229938322225
168.wupwise,l,18,8,1,0.012735141583082654
168.wupwise,l,19,16,1,0.01205148717204836
168.wupwise,l,19,32,1,0.012052231642070131
168.wupwise,l,19,4,1,0.012095268791918749
168.wupwise,l,19,64,1,0.012052283318947997
168.wupwise,l,19,8,1,0.012055668154448286
168.wupwise,l,20,16,1,0.012044415514292745
168.wupwise,l,20,32,1,0.012044415514292745
168.wupwise,l,20,4,1,0.012045192282363185
168.wupwise,l,20,64,1,0.012044415514292745
168.wupwise,l,20,8,1,0.012044415514292745
168.wupwise,l,21,16,1,0.012044415514292745
168.wupwise,l,21,32,1,0.012044415514292745
168.wupwise,l,21,4,1,0.012044268558171312
168.wupwise,l,21,64,1,0.012044415514292745
168.wupwise,l,21,8,1,0.012044415514292745
168.wupwise,l,22,16,1,0.011842723889782676
168.wupwise,l,22,32,1,0.011881024530794296
168.wupwise,l,22,4,1,0.011351047465121887
168.wupwise,l,22,64,1,0.012021574334275528
168.wupwise,l,22,8,1,0.011795021286804127
168.wupwise,l,23,16,1,0.010383591715354145
168.wupwise,l,23,32,1,0.010385641026542058
168.wupwise,l,23,4,1,0.010430801773090524
168.wupwise,l,23,64,1,0.010385880032102193
168.wupwise,l,23,8,1,0.010387903504851173
168.wupwise,l,24,16,1,0.010379081292857814
168.wupwise,l,24,32,1,0.010379081292857814
168.wupwise,l,24,4,1,0.010379081292857814
168.wupwise,l,24,64,1,0.010379081292857814
168.wupwise,l,24,8,1,0.010379081292857814
168.wupwise,l,25,16,1,0.009308830543597992
168.wupwise,l,25,32,1,0.009307138125847847
168.wupwise,l,25,4,1,0.00931795635724882
168.wupwise,l,25,64,1,0.009311380474540243
168.wupwise,l,25,8,1,0.009279967392406835
171.swim,2,16,16,1,0.08511715954957083
171.swim,2,16,32,1,0.08539924696834701
171.swim,2,16,4,1,0.08457063296166402
171.swim,2,16,64,1,0.08531705637464981
171.swim,2,16,8,1,0.08531403865635653
171.swim,2,17,16,1,0.07841790255001167
171.swim,2,17,32,1,0.0782914216521251
171.swim,2,17,4,1,0.08025286093124039
171.swim,2,17,64,1,0.07884561199662543
171.swim,2,17,8,1,0.07763273729521539
171.swim,2,18,16,1,0.07210507784578699
171.swim,2,18,32,1,0.07247088678342581
171.swim,2,18,4,1,0.0714256346914801
171.swim,2,18,64,1,0.07246887801481909
171.swim,2,18,8,1,0.07234192688246321
171.swim,2,19,16,1,0.07040221426198288
171.swim,2,19,32,1,0.07039171540242398
171.swim,2,19,4,1,0.06981910373672338
171.swim,2,19,64,1,0.07049692161461212
171.swim,2,19,8,1,0.07016131725220524
171.swim,2,20,16,1,0.06989342665337761
171.swim,2,20,32,1,0.06995427255883402
171.swim,2,20,4,1,0.06981476966627495
171.swim,2,20,64,1,0.06995530890081976
171.swim,2,20,8,1,0.06981494315083643
171.swim,2,21,16,1,0.06980843139260298
171.swim,2,21,32,1,0.06982579202310712
171.swim,2,21,4,1,0.06980717286863498
171.swim,2,21,64,1,0.06984075126204958
171.swim,2,21,8,1,0.06980793072224571
171.swim,2,22,16,1,0.06979502286215314
171.swim,2,22,32,1,0.06979525569669619
171.swim,2,22,4,1,0.06979292887306007
171.swim,2,22,64,1,0.06979808166889519
171.swim,2,22,8,1,0.06979435022902876
171.swim,2,23,16,1,0.06972233891806667
171.swim,2,23,32,1,0.06971950685869008
171.swim,2,23,4,1,0.06974153026723283
171.swim,2,23,64,1,0.06971801550017902
171.swim,2,23,8,1,0.0697288871993657
171.swim,2,24,16,1,0.06916076178355345
171.swim,2,24,32,1,0.06915225951824606
171.swim,2,24,4,1,0.0692104164129994
171.swim,2,24,64,1,0.06914974551389887
171.swim,2,24,8,1,0.06917083910606382
171.swim,2,25,16,1,0.06722974165268038
171.swim,2,25,32,1,0.06723924221511351
171.swim,2,25,4,1,0.06686909007625987
171.swim,2,25,64,1,0.06722747570082022
171.swim,2,25,8,1,0.06719837290473317
171.swim,l,16,16,1,0.0867642341507065
171.swim,l,16,32,1,0.08676444263653917
171.swim,l,16,4,1,0.08431433995795139
171.swim,l,16,64,1,0.08676444720192236
171.swim,l,16,8,1,0.08676395261874269
171.swim,l,17,16,1,0.07931987009031671
171.swim,l,17,32,1,0.07932016075304693
171.swim,l,17,4,1,0.0818198465367439
171.swim,l,17,64,1,0.07932096121690083
171.swim,l,17,8,1,0.07932949239630178
171.swim,l,18,16,1,0.06982115511557328
171.swim,l,18,32,1,0.06982118555146126
171.swim,l,18,4,1,0.0698204855260377
171.swim,l,18,64,1,0.06982118555146126
171.swim,l,18,8,1,0.06982124946682601
171.swim,l,19,16,1,0.069815936882579
171.swim,l,19,32,1,0.06981491880212605
171.swim,l,19,4,1,0.06981726845267816
171.swim,l,19,64,1,0.06981439073946959
171.swim,l,19,8,1,0.06981819979085035
171.swim,l,20,16,1,0.06981238957983486
171.swim,l,20,32,1,0.06981158455059777
171.swim,l,20,4,1,0.0698149994572292
171.swim,l,20,64,1,0.0698112375814748
171.swim,l,20,8,1,0.06981534490455778
171.swim,l,21,16,1,0.06980805246579763
171.swim,l,21,32,1,0.06980631305479953
171.swim,l,21,4,1,0.06980687003154959
171.swim,l,21,64,1,0.06980546693711367
171.swim,l,21,8,1,0.06980782876202098
171.swim,l,22,16,1,0.06979562092735195
171.swim,l,22,32,1,0.06979595267853095
171.swim,l,22,4,1,0.06979238254887082
171.swim,l,22,64,1,0.06979433196749597
171.swim,l,22,8,1,0.06979512786596667
171.swim,l,23,16,1,0.06977116873494835
171.swim,l,23,32,1,0.06977178810526874
171.swim,l,23,4,1,0.06976798970644876
171.swim,l,23,64,1,0.06977197072059663
171.swim,l,23,8,1,0.06976892713179857
171.swim,l,24,16,1,0.06943994257502747
171.swim,l,24,32,1,0.0694512038535803
171.swim,l,24,4,1,0.0692990457187989
171.swim,l,24,64,1,0.06946690420639509
171.swim,l,24,8,1,0.06937663440623344
171.swim,l,25,16,1,0.0674817995025805
171.swim,l,25,32,1,0.06754994393397466
171.swim,l,25,4,1,0.06702092711242308
171.swim,l,25,64,1,0.06757464113527652
171.swim,l,25,8,1,0.06728104438546047
172.mgrid,2,16,16,1,0.03486519153033382
172.mgrid,2,16,32,1,0.035055649394242376
172.mgrid,2,16,4,1,0.0344839491166438
172.mgrid,2,16,64,1,0.03494569489067207
172.mgrid,2,16,8,1,0.034621861342312855
172.mgrid,2,17,16,1,0.03407186920370641
172.mgrid,2,17,32,1,0.034127731115344895
172.mgrid,2,17,4,1,0.03416156918315608
172.mgrid,2,17,64,1,0.03417433875742379
172.mgrid,2,17,8,1,0.03405600983994321
172.mgrid,2,18,16,1,0.033149855977856295
172.mgrid,2,18,32,1,0.0331280517547839
172.mgrid,2,18,4,1,0.03342442172774289
172.mgrid,2,18,64,1,0.03312184197793911
172.mgrid,2,18,8,1,0.033295375317423194
172.mgrid,2,19,16,1,0.029203621032884784
172.mgrid,2,19,32,1,0.028916974768848983
172.mgrid,2,19,4,1,0.03064709491602042
172.mgrid,2,19,64,1,0.0289297072821143
172.mgrid,2,19,8,1,0.02974004884461673
172.mgrid,2,20,16,1,0.024088981709770776
172.mgrid,2,20,32,1,0.02392515423502354
172.mgrid,2,20,4,1,0.023574474794637264
172.mgrid,2,20,64,1,0.02385037748586931
172.mgrid,2,20,8,1,0.024112496229471952
172.mgrid,2,21,16,1,0.02191750757566352
172.mgrid,2,21,32,1,0.02193619318401634
172.mgrid,2,21,4,1,0.02134463369965595
172.mgrid,2,21,64,1,0.021906700861892732
172.mgrid,2,21,8,1,0.021782221190645233
172.mgrid,2,22,16,1,0.02074758369642306
172.mgrid,2,22,32,1,0.020794397232959675
172.mgrid,2,22,4,1,0.020606599525444847
172.mgrid,2,22,64,1,0.020805714564985606
172.mgrid,2,22,8,1,0.02062841884744414
172.mgrid,2,23,16,1,0.019997021530774643
172.mgrid,2,23,32,1,0.02002925087655619
172.mgrid,2,23,4,1,0.02006433941004059
172.mgrid,2,23,64,1,0.020043807614716892
172.mgrid,2,23,8,1,0.02001602970711122
172.mgrid,2,24,16,1,0.018848389883721724
172.mgrid,2,24,32,1,0.01882782651791451
172.mgrid,2,24,4,1,0.019030443135866205
172.mgrid,2,24,64,1,0.018828595190556657
172.mgrid,2,24,8,1,0.018905565402000453
172.mgrid,2,25,16,1,0.013456368174539532
172.mgrid,2,25,32,1,0.013409372078250409
172.mgrid,2,25,4,1,0.0136325204915258
172.mgrid,2,25,64,1,0.013396507792532151
172.mgrid,2,25,8,1,0.01353302817166703
172.mgrid,l,16,16,1,0.0344843581602998
172.mgrid,l,16,32,1,0.03448476445869637
172.mgrid,l,16,4,1,0.034477829933360404
172.mgrid,l,16,64,1,0.03448486328803607
172.mgrid,l,16,8,1,0.034483682826478484
172.mgrid,l,17,16,1,0.03430501859710805
172.mgrid,l,17,32,1,0.03434517625214148
172.mgrid,l,17,4,1,0.03439426149086159
172.mgrid,l,17,64,1,0.03434659829652946
172.mgrid,l,17,8,1,0.03433105738286086
172.mgrid,l,18,16,1,0.03354316243413891
172.mgrid,l,18,32,1,0.0335445172196707
172.mgrid,l,18,4,1,0.03351987577097094
172.mgrid,l,18,64,1,0.03354521726082694
172.mgrid,l,18,8,1,0.03354278907885558
172.mgrid,l,19,16,1,0.03230531809118625
172.mgrid,l,19,32,1,0.032106410318732924
172.mgrid,l,19,4,1,0.03308386817678721
172.mgrid,l,19,64,1,0.032537967847370494
172.mgrid,l,19,8,1,0.03269371465096713
172.mgrid,l,20,16,1,0.021598732167815597
172.mgrid,l,20,32,1,0.021600560510600136
172.mgrid,l,20,4,1,0.021614653299916114
172.mgrid,l,20,64,1,0.021601916668761642
172.mgrid,l,20,8,1,0.021595496879569978
172.mgrid,l,21,16,1,0.02147474115274775
172.mgrid,l,21,32,1,0.021480065583424354
172.mgrid,l,21,4,1,0.021408732762232895
172.mgrid,l,21,64,1,0.0214836742269533
172.mgrid,l,21,8,1,0.021450807980982544
172.mgrid,l,22,16,1,0.020814120549379398
172.mgrid,l,22,32,1,0.020854652932325874
172.mgrid,l,22,4,1,0.020585216699695912
172.mgrid,l,22,64,1,0.02085736387601917
172.mgrid,l,22,8,1,0.020675188459829776
172.mgrid,l,23,16,1,0.01998537064972721
172.mgrid,l,23,32,1,0.01998809943760684
172.mgrid,l,23,4,1,0.020056417963937298
172.mgrid,l,23,64,1,0.019992865207988163
172.mgrid,l,23,8,1,0.020003883306735543
172.mgrid,l,24,16,1,0.019349221288973564
172.mgrid,l,24,32,1,0.019382960527445047
172.mgrid,l,24,4,1,0.01927694821642519
172.mgrid,l,24,64,1,0.019407824342159142
172.mgrid,l,24,8,1,0.019325639510416198
172.mgrid,l,25,16,1,0.01675573626591829
172.mgrid,l,25,32,1,0.01696328336981749
172.mgrid,l,25,4,1,0.015326695584268727
172.mgrid,l,25,64,1,0.017036676508215852
172.mgrid,l,25,8,1,0.016236368868952907
173.applu,2,16,16,1,0.05600135981360602
173.applu,2,16,32,1,0.05608454065309643
173.applu,2,16,4,1,0.05587678946162675
173.applu,2,16,64,1,0.05610090510538269
173.applu,2,16,8,1,0.05586930812040718
173.applu,2,17,16,1,0.05530438047475382
173.applu,2,17,32,1,0.05535935184130768
173.applu,2,17,4,1,0.055231381117654424
173.applu,2,17,64,1,0.05539116979180587
173.applu,2,17,8,1,0.0552764170641247
173.applu,2,18,16,1,0.05513153871872995
173.applu,2,18,32,1,0.055140537007898
173.applu,2,18,4,1,0.05509454429788127
173.applu,2,18,64,1,0.05515647477767243
173.applu,2,18,8,1,0.05511719380974352
173.applu,2,19,16,1,0.05507855024789822
173.applu,2,19,32,1,0.055082551378078104
173.applu,2,19,4,1,0.055070834623949766
173.applu,2,19,64,1,0.05508489027884077
173.applu,2,19,8,1,0.0550723227773729
173.applu,2,20,16,1,0.05499533537851423
173.applu,2,20,32,1,0.05499096122834702
173.applu,2,20,4,1,0.05500728772421351
173.applu,2,20,64,1,0.054988288572858854
173.applu,2,20,8,1,0.05500406404621775
173.applu,2,21,16,1,0.054466995103828644
173.applu,2,21,32,1,0.054442621846972315
173.applu,2,21,4,1,0.054496847173551514
173.applu,2,21,64,1,0.054430655104010364
173.applu,2,21,8,1,0.05440013552483649
173.applu,2,22,16,1,0.05324286784540826
173.applu,2,22,32,1,0.053327332658960315
173.applu,2,22,4,1,0.05325227711098339
173.applu,2,22,64,1,0.05332019946972892
173.applu,2,22,8,1,0.05325076539840316
173.applu,2,23,16,1,0.05094486316177976
173.applu,2,23,32,1,0.050912155198680226
173.applu,2,23,4,1,0.05112009093688048
173.applu,2,23,64,1,0.05093692372583892
173.applu,2,23,8,1,0.05100387754145945
173.applu,2,24,16,1,0.04207409578456447
173.applu,2,24,32,1,0.04222715177515513
173.applu,2,24,4,1,0.04129443689273115
173.applu,2,24,64,1,0.04230521765987191
173.applu,2,24,8,1,0.04175730103448285
173.applu,2,25,16,1,0.03913099426137413
173.applu,2,25,32,1,0.03917051343855811
173.applu,2,25,4,1,0.0387341913049575
173.applu,2,25,64,1,0.03920133274256391
173.applu,2,25,8,1,0.0390493670174099
173.applu,l,16,16,1,0.055100773077248644
173.applu,l,16,32,1,0.05510078878335337
173.applu,l,16,4,1,0.05520960852997291
173.applu,l,16,64,1,0.05510077176840659
173.applu,l,16,8,1,0.05510165392795557
173.applu,l,17,16,1,0.05509814623123261
173.applu,l,17,32,1,0.055098135760496124
173.applu,l,17,4,1,0.055098046759235984
173.applu,l,17,64,1,0.055098044141551866
173.applu,l,17,8,1,0.05509798000829089
173.applu,l,18,16,1,0.055092032629966585
173.applu,l,18,32,1,0.05509240826763803
173.applu,l,18,4,1,0.05508615592911356
173.applu,l,18,64,1,0.05509246847437283
173.applu,l,18,8,1,0.055089892673197166
173.applu,l,19,16,1,0.05506787271436617
173.applu,l,19,32,1,0.055067959097942175
173.applu,l,19,4,1,0.05506788318510265
173.applu,l,19,64,1,0.05506813710046245
173.applu,l,19,8,1,0.0550676044017437
173.applu,l,20,16,1,0.05503936875196593
173.applu,l,20,32,1,0.055040281014882314
173.applu,l,20,4,1,0.05502978541039671
173.applu,l,20,64,1,0.05504086083191525
173.applu,l,20,8,1,0.05503407972119821
173.applu,l,21,16,1,0.05490348738689717
173.applu,l,21,32,1,0.05490440488518179
173.applu,l,21,4,1,0.05474870110710212
173.applu,l,21,64,1,0.05491007217130508
173.applu,l,21,8,1,0.054702904723394515
173.applu,l,22,16,1,0.05277078160249612
173.applu,l,22,32,1,0.052769788191371965
173.applu,l,22,4,1,0.052828245004333745
173.applu,l,22,64,1,0.052773422845774826
173.applu,l,22,8,1,0.052764563293865224
173.applu,l,23,16,1,0.05164330709489801
173.applu,l,23,32,1,0.05164996517446133
173.applu,l,23,4,1,0.05157710324577832
173.applu,l,23,64,1,0.051673503390082864
173.applu,l,23,8,1,0.05163513337622828
173.applu,l,24,16,1,0.04070960045049087
173.applu,l,24,32,1,0.040660158941643924
173.applu,l,24,4,1,0.040598509862895836
173.applu,l,24,64,1,0.04088158360612285
173.applu,l,24,8,1,0.04067460332262698
173.applu,l,25,16,1,0.038526010813291864
173.applu,l,25,32,1,0.038521610486283435
173.applu,l,25,4,1,0.03842183614714613
173.applu,l,25,64,1,0.03852518231626738
173.applu,l,25,8,1,0.038550208685312046
176.gcc,2,16,16,1,0.027072136005634514
176.gcc,2,16,32,1,0.027037643654499746
176.gcc,2,16,4,1,0.027288817740274203
176.gcc,2,16,64,1,0.027025608605331864
176.gcc,2,16,8,1,0.02713328794790671
176.gcc,2,17,16,1,0.02588824273106896
176.gcc,2,17,32,1,0.025880404214511116
176.gcc,2,17,4,1,0.025996418097274213
176.gcc,2,17,64,1,0.02587474551553215
176.gcc,2,17,8,1,0.025909436468004428
176.gcc,2,18,16,1,0.023916619797790393
176.gcc,2,18,32,1,0.0238277740023429
176.gcc,2,18,4,1,0.024507981664468274
176.gcc,2,18,64,1,0.023783386123695575
176.gcc,2,18,8,1,0.024102218983969314
176.gcc,2,19,16,1,0.006550603194332887
176.gcc,2,19,32,1,0.006697040499378631
176.gcc,2,19,4,1,0.0059498715660021425
176.gcc,2,19,64,1,0.006788688780366573
176.gcc,2,19,8,1,0.006240208492336531
176.gcc,2,20,16,1,0.0023997709587380654
176.gcc,2,20,32,1,0.0024029620121127763
176.gcc,2,20,4,1,0.0024053106887998756
176.gcc,2,20,64,1,0.0024039799638958695
176.gcc,2,20,8,1,0.0023990043767638035
176.gcc,2,21,16,1,0.0021573938568459666
176.gcc,2,21,32,1,0.0021579013935973863
176.gcc,2,21,4,1,0.002158588343151293
176.gcc,2,21,64,1,0.002158447307418857
176.gcc,2,21,8,1,0.0021558434232159204
176.gcc,2,22,16,1,0.0013744248736727355
176.gcc,2,22,32,1,0.0013528771082660504
176.gcc,2,22,4,1,0.0014825858484767182
176.gcc,2,22,64,1,0.001342560392409686
176.gcc,2,22,8,1,0.0014133766403473874
176.gcc,2,23,16,1,0.0005988425170575019
176.gcc,2,23,32,1,0.0005926820378876224
176.gcc,2,23,4,1,0.0006674338543590173
176.gcc,2,23,64,1,0.0005895447124109822
176.gcc,2,23,8,1,0.0006162906519560271
176.gcc,2,24,16,1,0.00032764615441087245
176.gcc,2,24,32,1,0.0003247227810997647
176.gcc,2,24,4,1,0.00035351421847850875
176.gcc,2,24,64,1,0.0003226561758775375
176.gcc,2,24,8,1,0.0003344820700136433
176.gcc,2,25,16,1,0.00030912442097768053
176.gcc,2,25,32,1,0.00030911866441717296
176.gcc,2,25,4,1,0.00031186838148630156
176.gcc,2,25,64,1,0.00030911866441717296
176.gcc,2,25,8,1,0.00030934317027696924
176.gcc,l,16,16,1,0.02687312307404614
176.gcc,l,16,32,1,0.026798664842160633
176.gcc,l,16,4,1,0.027218955162527262
176.gcc,l,16,64,1,0.026761791193829224
176.gcc,l,16,8,1,0.026987061716746245
176.gcc,l,17,16,1,0.025810174176318437
176.gcc,l,17,32,1,0.025801678452435976
176.gcc,l,17,4,1,0.02594973814811811
176.gcc,l,17,64,1,0.025796593490654267
176.gcc,l,17,8,1,0.02584143517815494
176.gcc,l,18,16,1,0.025150441640491832
176.gcc,l,18,32,1,0.025152018938070914
176.gcc,l,18,4,1,0.025182492250544627
176.gcc,l,18,64,1,0.025153928197305934
176.gcc,l,18,8,1,0.025158055651189882
176.gcc,l,19,16,1,0.01716460126728396
176.gcc,l,19,32,1,0.02391593380766324
176.gcc,l,19,4,1,0.0076597062753569955
176.gcc,l,19,64,1,0.024431394464621704
176.gcc,l,19,8,1,0.011222361941088142
176.gcc,l,20,16,1,0.002310559621698339
176.gcc,l,20,32,1,0.0023089401093422017
176.gcc,l,20,4,1,0.002349561278564057
176.gcc,l,20,64,1,0.00230727166622175
176.gcc,l,20,8,1,0.002318044109784966
176.gcc,l,21,16,1,0.002242727190957075
176.gcc,l,21,32,1,0.0022442133429947863
176.gcc,l,21,4,1,0.0022111255926238727
176.gcc,l,21,64,1,0.0022443534193004712
176.gcc,l,21,8,1,0.002233770942234006
176.gcc,l,22,16,1,0.001622231371550249
176.gcc,l,22,32,1,0.0016080136265232367
176.gcc,l,22,4,1,0.001613906425629513
176.gcc,l,22,64,1,0.0015927549034711007
176.gcc,l,22,8,1,0.001621789075817915
176.gcc,l,23,16,1,0.0005701700485959148
176.gcc,l,23,32,1,0.0005523429401306395
176.gcc,l,23,4,1,0.0006832922191306944
176.gcc,l,23,64,1,0.0005431804146560484
176.gcc,l,23,8,1,0.0006070753580101162
176.gcc,l,24,16,1,0.0003149001700203024
176.gcc,l,24,32,1,0.00031360110619908815
176.gcc,l,24,4,1,0.00034371079593407185
176.gcc,l,24,64,1,0.0003122329636517827
176.gcc,l,24,8,1,0.0003199745781077488
176.gcc,l,25,16,1,0.00030911866441717296
176.gcc,l,25,32,1,0.00030911866441717296
176.gcc,l,25,4,1,0.0003104397950536664
176.gcc,l,25,64,1,0.00030911866441717296
176.gcc,l,25,8,1,0.00030918582428976157
177.mesa,2,16,16,1,0.0032361681551577063
177.mesa,2,16,32,1,0.0032375858886641543
177.mesa,2,16,4,1,0.003274037973115197
177.mesa,2,16,64,1,0.003238249675411874
177.mesa,2,16,8,1,0.003231218501219987
177.mesa,2,17,16,1,0.002056293744420508
177.mesa,2,17,32,1,0.0020409012092076437
177.mesa,2,17,4,1,0.0021225064725055236
177.mesa,2,17,64,1,0.0020420981160204606
177.mesa,2,17,8,1,0.002057627851250078
177.mesa,2,18,16,1,0.00163419985288003
177.mesa,2,18,32,1,0.001640274546955124
177.mesa,2,18,4,1,0.0016534274552278485
177.mesa,2,18,64,1,0.0016408298803562672
177.mesa,2,18,8,1,0.0016307789991289877
177.mesa,2,19,16,1,0.001569539444984563
177.mesa,2,19,32,1,0.0015711793118514685
177.mesa,2,19,4,1,0.0015737573654995994
177.mesa,2,19,64,1,0.0015727865120477183
177.mesa,2,19,8,1,0.0015689226982425876
177.mesa,2,20,16,1,0.0015415989882395138
177.mesa,2,20,32,1,0.001541690454917349
177.mesa,2,20,4,1,0.0015443364552404435
177.mesa,2,20,64,1,0.0015419975216215108
177.mesa,2,20,8,1,0.001541957014949898
177.mesa,2,21,16,1,0.0014735582332646173
177.mesa,2,21,32,1,0.0014734994332574374
177.mesa,2,21,4,1,0.0014713303663259133
177.mesa,2,21,64,1,0.0014731492465480107
177.mesa,2,21,8,1,0.001473222419890279
177.mesa,2,22,16,1,0.0012505180460299235
177.mesa,2,22,32,1,0.0012483855657695335
177.mesa,2,22,4,1,0.0012559550866938225
177.mesa,2,22,64,1,0.0012472827389682043
177.mesa,2,22,8,1,0.0012515137261515027
177.mesa,2,23,16,1,0.0001962848773010254
177.mesa,2,23,32,1,0.00019641031731634247
177.mesa,2,23,4,1,0.0003792221529722197
177.mesa,2,23,64,1,0.000196270503965937
177.mesa,2,23,8,1,0.0002916506489458219
177.mesa,2,24,16,1,0.00017257540773927445
177.mesa,2,24,32,1,0.00017257540773927445
177.mesa,2,24,4,1,0.00017261460774406105
177.mesa,2,24,64,1,0.00017257540773927445
177.mesa,2,24,8,1,0.00017257540773927445
177.mesa,2,25,16,1,0.00017257540773927445
177.mesa,2,25,32,1,0.00017257540773927445
177.mesa,2,25,4,1,0.00017257540773927445
177.mesa,2,25,64,1,0.00017257540773927445
177.mesa,2,25,8,1,0.00017257540773927445
177.mesa,l,16,16,1,0.0033433357415769164
177.mesa,l,16,32,1,0.003359891210265116
177.mesa,l,16,4,1,0.003291961521970448
177.mesa,l,16,64,1,0.0033632179840046707
177.mesa,l,16,8,1,0.0033076219238826875
177.mesa,l,17,16,1,0.001950048664780609
177.mesa,l,17,32,1,0.0018968843116222204
177.mesa,l,17,4,1,0.002122002099110603
177.mesa,l,17,64,1,0.001882522736535243
177.mesa,l,17,8,1,0.001978404641576396
177.mesa,l,18,16,1,0.0015668842979936854
177.mesa,l,18,32,1,0.0015668424846552464
177.mesa,l,18,4,1,0.0016091588898223615
177.mesa,l,18,64,1,0.001566858164657161
177.mesa,l,18,8,1,0.001568251071493911
177.mesa,l,19,16,1,0.0015552236032365034
177.mesa,l,19,32,1,0.0015551634965624973
177.mesa,l,19,4,1,0.0015594402170847135
177.mesa,l,19,64,1,0.0015551203765572321
177.mesa,l,19,8,1,0.0015556678699574181
177.mesa,l,20,16,1,0.0015468165088766079
177.mesa,l,20,32,1,0.0015470778422418518
177.mesa,l,20,4,1,0.00154555426872248
177.mesa,l,20,64,1,0.0015471340289153791
177.mesa,l,20,8,1,0.0015461670954639768
177.mesa,l,21,16,1,0.001488737781784808
177.mesa,l,21,32,1,0.0014855651947307475
177.mesa,l,21,4,1,0.0014791403139462265
177.mesa,l,21,64,1,0.001485801701426293
177.mesa,l,21,8,1,0.0014874585549619393
177.mesa,l,22,16,1,0.001289482850787786
177.mesa,l,22,32,1,0.0012819433832005
177.mesa,l,22,4,1,0.0012847265835403473
177.mesa,l,22,64,1,0.0012798069829396313
177.mesa,l,22,8,1,0.0012792594895394455
177.mesa,l,23,16,1,0.00026608440582401316
177.mesa,l,23,32,1,0.00035622351016393206
177.mesa,l,23,4,1,0.0004786372851114701
177.mesa,l,23,64,1,0.0005105630756764886
177.mesa,l,23,8,1,0.0004437910941898512
177.mesa,l,24,16,1,0.00017257540773927445
177.mesa,l,24,32,1,0.00017257540773927445
177.mesa,l,24,4,1,0.00017263420774645433
177.mesa,l,24,64,1,0.00017257540773927445
177.mesa,l,24,8,1,0.00017257540773927445
177.mesa,l,25,16,1,0.00017257540773927445
177.mesa,l,25,32,1,0.00017257540773927445
177.mesa,l,25,4,1,0.00017257540773927445
177.mesa,l,25,64,1,0.00017257540773927445
177.mesa,l,25,8,1,0.00017257540773927445
178.galgel,2,16,16,1,0.030238411627697373
178.galgel,2,16,32,1,0.030389244249262
178.galgel,2,16,4,1,0.02984782295515201
178.galgel,2,16,64,1,0.03047741159506946
178.galgel,2,16,8,1,0.030056034325575458
178.galgel,2,17,16,1,0.029258003828380886
178.galgel,2,17,32,1,0.029263187363120998
178.galgel,2,17,4,1,0.029186162557161617
178.galgel,2,17,64,1,0.029295131895586714
178.galgel,2,17,8,1,0.02920274550630916
178.galgel,2,18,16,1,0.028614499130377835
178.galgel,2,18,32,1,0.028617385334153186
178.galgel,2,18,4,1,0.028429571257749153
178.galgel,2,18,64,1,0.028540186047361037
178.galgel,2,18,8,1,0.028582483109237583
178.galgel,2,19,16,1,0.025556843703385144
178.galgel,2,19,32,1,0.025578486596682923
178.galgel,2,19,4,1,0.02512565673373781
178.galgel,2,19,64,1,0.025557192665050677
178.galgel,2,19,8,1,0.025421119425596692
178.galgel,2,20,16,1,0.008503666288191892
178.galgel,2,20,32,1,0.008725174552079107
178.galgel,2,20,4,1,0.008734209993537035
178.galgel,2,20,64,1,0.008812408910100244
178.galgel,2,20,8,1,0.008079406449939888
178.galgel,2,21,16,1,0.00020342284090195967
178.galgel,2,21,32,1,0.00020441156562097138
178.galgel,2,21,4,1,0.00023702615295141018
178.galgel,2,21,64,1,0.0002042528365300516
178.galgel,2,21,8,1,0.00020770246799454463
178.galgel,2,22,16,1,0.00016604516917147796
178.galgel,2,22,32,1,0.00016597973885919043
178.galgel,2,22,4,1,0.00018096933873528576
178.galgel,2,22,64,1,0.00016590703851220427
178.galgel,2,22,8,1,0.00016513156814435196
178.galgel,2,23,16,1,0.00015237871561053063
178.galgel,2,23,32,1,0.00015200430882355193
178.galgel,2,23,4,1,0.00015363037325114227
178.galgel,2,23,64,1,0.00015188919994082385
178.galgel,2,23,8,1,0.00015353949781740956
178.galgel,2,24,16,1,0.0001518758715438764
178.galgel,2,24,32,1,0.0001518758715438764
178.galgel,2,24,4,1,0.00015188192990612525
178.galgel,2,24,64,1,0.0001518758715438764
178.galgel,2,24,8,1,0.0001518758715438764
178.galgel,2,25,16,1,0.0001518758715438764
178.galgel,2,25,32,1,0.0001518758715438764
178.galgel,2,25,4,1,0.0001518758715438764
178.galgel,2,25,64,1,0.0001518758715438764
178.galgel,2,25,8,1,0.0001518758715438764
178.galgel,l,16,16,1,0.029204937421770792
178.galgel,l,16,32,1,0.029180195070346502
178.galgel,l,16,4,1,0.02936626555009532
178.galgel,l,16,64,1,0.029136855970163158
178.galgel,l,16,8,1,0.029316653621639516
178.galgel,l,17,16,1,0.02910123522348484
178.galgel,l,17,32,1,0.029064406439374104
178.galgel,l,17,4,1,0.029082460358875666
178.galgel,l,17,64,1,0.029059797237375184
178.galgel,l,17,8,1,0.029105631171132604
178.galgel,l,18,16,1,0.028810889424381335
178.galgel,l,18,32,1,0.028813223105519592
178.galgel,l,18,4,1,0.028471015302221063
178.galgel,l,18,64,1,0.028721933279809077
178.galgel,l,18,8,1,0.028747678896021773
178.galgel,l,19,16,1,0.02697911694164878
178.galgel,l,19,32,1,0.027174746305353825
178.galgel,l,19,4,1,0.025938041914444796
178.galgel,l,19,64,1,0.027198921594071623
178.galgel,l,19,8,1,0.026527898603061862
178.galgel,l,20,16,1,0.012832893192508172
178.galgel,l,20,32,1,0.015116283865736069
178.galgel,l,20,4,1,0.010778137840517036
178.galgel,l,20,64,1,0.015942579046166406
178.galgel,l,20,8,1,0.011017223836633054
178.galgel,l,21,16,1,0.000174183973016578
178.galgel,l,21,32,1,0.00017417791465432913
178.galgel,l,21,4,1,0.00020664588961834585
178.galgel,l,21,64,1,0.0001741754913094296
178.galgel,l,21,8,1,0.00017505516550796207
178.galgel,l,22,16,1,0.0001631165568603857
178.galgel,l,22,32,1,0.00016209148196788092
178.galgel,l,22,4,1,0.00017582821253091485
178.galgel,l,22,64,1,0.0001627070115723637
178.galgel,l,22,8,1,0.0001639089906425348
178.galgel,l,23,16,1,0.0001518758715438764
178.galgel,l,23,32,1,0.0001518758715438764
178.galgel,l,23,4,1,0.00015273737065566232
178.galgel,l,23,64,1,0.0001518758715438764
178.galgel,l,23,8,1,0.000151898893320422
178.galgel,l,24,16,1,0.0001518758715438764
178.galgel,l,24,32,1,0.0001518758715438764
178.galgel,l,24,4,1,0.00015187829488877593
178.galgel,l,24,64,1,0.0001518758715438764
178.galgel,l,24,8,1,0.0001518758715438764
178.galgel,l,25,16,1,0.0001518758715438764
178.galgel,l,25,32,1,0.0001518758715438764
178.galgel,l,25,4,1,0.0001518758715438764
178.galgel,l,25,64,1,0.0001518758715438764
178.galgel,l,25,8,1,0.0001518758715438764
179.art,2,16,16,1,0.3272937873841462
179.art,2,16,32,1,0.32729976307992764
179.art,2,16,4,1,0.3273050925565233
179.art,2,16,64,1,0.3273103678151827
179.art,2,16,8,1,0.3272960103195313
179.art,2,17,16,1,0.3272610925032549
179.art,2,17,32,1,0.32725866734962117
179.art,2,17,4,1,0.32726599409775925
179.art,2,17,64,1,0.32725899851863705
179.art,2,17,8,1,0.3272647544119743
179.art,2,18,16,1,0.32576448257203416
179.art,2,18,32,1,0.3256069267147234
179.art,2,18,4,1,0.3266218264014598
179.art,2,18,64,1,0.325525441552631
179.art,2,18,8,1,0.32606700253730564
179.art,2,19,16,1,0.29379231651308124
179.art,2,19,32,1,0.293080059880985
179.art,2,19,4,1,0.2992231352236125
179.art,2,19,64,1,0.2927045625735591
179.art,2,19,8,1,0.2953820142447458
179.art,2,20,16,1,0.17416674856994185
179.art,2,20,32,1,0.17379277962217754
179.art,2,20,4,1,0.17677242008961985
179.art,2,20,64,1,0.17367425628289754
179.art,2,20,8,1,0.17492567512232798
179.art,2,21,16,1,0.040053772938846835
179.art,2,21,32,1,0.04090523632021683
179.art,2,21,4,1,0.03956414247962525
179.art,2,21,64,1,0.04133418078996037
179.art,2,21,8,1,0.038776873134741804
179.art,2,22,16,1,0.00007038367331359418
179.art,2,22,32,1,0.00007038367331359418
179.art,2,22,4,1,0.00007076026816789118
179.art,2,22,64,1,0.00007038367331359418
179.art,2,22,8,1,0.00007038367331359418
179.art,2,23,16,1,0.00007038367331359418
179.art,2,23,32,1,0.00007038367331359418
179.art,2,23,4,1,0.00007038367331359418
179.art,2,23,64,1,0.00007038367331359418
179.art,2,23,8,1,0.00007038367331359418
179.art,2,24,16,1,0.00007038367331359418
179.art,2,24,32,1,0.00007038367331359418
179.art,2,24,4,1,0.00007038367331359418
179.art,2,24,64,1,0.00007038367331359418
179.art,2,24,8,1,0.00007038367331359418
179.art,2,25,16,1,0.00007038367331359418
179.art,2,25,32,1,0.00007038367331359418
179.art,2,25,4,1,0.00007038367331359418
179.art,2,25,64,1,0.00007038367331359418
179.art,2,25,8,1,0.00007038367331359418
179.art,l,16,16,1,0.32725891792440753
179.art,l,16,32,1,0.32725891792440753
179.art,l,16,4,1,0.32725891792440753
179.art,l,16,64,1,0.32725891792440753
179.art,l,16,8,1,0.32725891792440753
179.art,l,17,16,1,0.32725891792440753
179.art,l,17,32,1,0.32725891792440753
179.art,l,17,4,1,0.32725891792440753
179.art,l,17,64,1,0.32725891792440753
179.art,l,17,8,1,0.32725891792440753
179.art,l,18,16,1,0.32725891792440753
179.art,l,18,32,1,0.32725891792440753
179.art,l,18,4,1,0.32725891792440753
179.art,l,18,64,1,0.32725891792440753
179.art,l,18,8,1,0.32725891792440753
179.art,l,19,16,1,0.32725891792440753
179.art,l,19,32,1,0.32725891792440753
179.art,l,19,4,1,0.3231048407602215
179.art,l,19,64,1,0.32725891792440753
179.art,l,19,8,1,0.32725891792440753
179.art,l,20,16,1,0.23719081914146126
179.art,l,20,32,1,0.23837470734330307
179.art,l,20,4,1,0.2161259683821628
179.art,l,20,64,1,0.23909021851692222
179.art,l,20,8,1,0.2337866375799064
179.art,l,21,16,1,0.04431753445335906
179.art,l,21,32,1,0.04479958319360736
179.art,l,21,4,1,0.04071166216905928
179.art,l,21,64,1,0.04484642162910444
179.art,l,21,8,1,0.041842569189765054
179.art,l,22,16,1,0.00007038367331359418
179.art,l,22,32,1,0.00007038367331359418
179.art,l,22,4,1,0.00007074121862273219
179.art,l,22,64,1,0.00007038367331359418
179.art,l,22,8,1,0.00007038367331359418
179.art,l,23,16,1,0.00007038367331359418
179.art,l,23,32,1,0.00007038367331359418
179.art,l,23,4,1,0.00007038367331359418
179.art,l,23,64,1,0.00007038367331359418
179.art,l,23,8,1,0.00007038367331359418
179.art,l,24,16,1,0.00007038367331359418
179.art,l,24,32,1,0.00007038367331359418
179.art,l,24,4,1,0.00007038367331359418
179.art,l,24,64,1,0.00007038367331359418
179.art,l,24,8,1,0.00007038367331359418
179.art,l,25,16,1,0.00007038367331359418
179.art,l,25,32,1,0.00007038367331359418
179.art,l,25,4,1,0.00007038367331359418
179.art,l,25,64,1,0.00007038367331359418
179.art,l,25,8,1,0.00007038367331359418
181.mcf,2,16,16,1,0.29677546964838636
181.mcf,2,16,32,1,0.2966768292920957
181.mcf,2,16,4,1,0.2973175261928683
181.mcf,2,16,64,1,0.2966460144666264
181.mcf,2,16,8,1,0.29689374301802446
181.mcf,2,17,16,1,0.2835254198947204
181.mcf,2,17,32,1,0.2834496289849591
181.mcf,2,17,4,1,0.2844080799924483
181.mcf,2,17,64,1,0.28339696927232105
181.mcf,2,17,8,1,0.2838211184596186
181.mcf,2,18,16,1,0.2714443994358842
181.mcf,2,18,32,1,0.2713340730129042
181.mcf,2,18,4,1,0.2719246578057079
181.mcf,2,18,64,1,0.27133069990532666
181.mcf,2,18,8,1,0.2716094960677735
181.mcf,2,19,16,1,0.25933337385538835
181.mcf,2,19,32,1,0.2593238864966047
181.mcf,2,19,4,1,0.25974809098074786
181.mcf,2,19,64,1,0.259308721995013
181.mcf,2,19,8,1,0.25930544236543623
181.mcf,2,20,16,1,0.24275059638734095
181.mcf,2,20,32,1,0.2426236216640807
181.mcf,2,20,4,1,0.24340693176266698
181.mcf,2,20,64,1,0.2425912624767112
181.mcf,2,20,8,1,0.24313865648337865
181.mcf,2,21,16,1,0.18286024057890626
181.mcf,2,21,32,1,0.1827278507145584
181.mcf,2,21,4,1,0.1962224849989763
181.mcf,2,21,64,1,0.1826726842115895
181.mcf,2,21,8,1,0.1833161038237088
181.mcf,2,22,16,1,0.11804762158281014
181.mcf,2,22,32,1,0.11856873510534208
181.mcf,2,22,4,1,0.11604340584873445
181.mcf,2,22,64,1,0.11880937381118777
181.mcf,2,22,8,1,0.11870745514191193
181.mcf,2,23,16,1,0.04948108406627097
181.mcf,2,23,32,1,0.04894730756611188
181.mcf,2,23,4,1,0.052949082347334295
181.mcf,2,23,64,1,0.048901203162852645
181.mcf,2,23,8,1,0.0507225035148617
181.mcf,2,24,16,1,0.03917861291488873
181.mcf,2,24,32,1,0.03925592317131064
181.mcf,2,24,4,1,0.03894775385115309
181.mcf,2,24,64,1,0.03928374670075485
181.mcf,2,24,8,1,0.039086980775473665
181.mcf,2,25,16,1,0.03687138231661413
181.mcf,2,25,32,1,0.036924476504467105
181.mcf,2,25,4,1,0.03688146345819149
181.mcf,2,25,64,1,0.03695633802022681
181.mcf,2,25,8,1,0.036748287588682135
181.mcf,l,16,16,1,0.29552270908009504
181.mcf,l,16,32,1,0.29478931491733507
181.mcf,l,16,4,1,0.2969324020960101
181.mcf,l,16,64,1,0.29425827692762146
181.mcf,l,16,8,1,0.29617202043944674
181.mcf,l,17,16,1,0.2799728516713716
181.mcf,l,17,32,1,0.2795981878944601
181.mcf,l,17,4,1,0.2827673304240636
181.mcf,l,17,64,1,0.27953263480067186
181.mcf,l,17,8,1,0.28096273498577184
181.mcf,l,18,16,1,0.2688286874852523
181.mcf,l,18,32,1,0.26856794969264675
181.mcf,l,18,4,1,0.27031727066746164
181.mcf,l,18,64,1,0.26846921980813004
181.mcf,l,18,8,1,0.26929587736724825
181.mcf,l,19,16,1,0.2571439676690298
181.mcf,l,19,32,1,0.2570074055260273
181.mcf,l,19,4,1,0.2583244789588571
181.mcf,l,19,64,1,0.2569239072892719
181.mcf,l,19,8,1,0.25737864221510726
181.mcf,l,20,16,1,0.24358503763576378
181.mcf,l,20,32,1,0.2434500409201265
181.mcf,l,20,4,1,0.24383201836315552
181.mcf,l,20,64,1,0.2434915741174883
181.mcf,l,20,8,1,0.2436671982154939
181.mcf,l,21,16,1,0.2229446698038858
181.mcf,l,21,32,1,0.22394455658096138
181.mcf,l,21,4,1,0.20846477607462746
181.mcf,l,21,64,1,0.2241167996718401
181.mcf,l,21,8,1,0.20564509775947096
181.mcf,l,22,16,1,0.12312631033034457
181.mcf,l,22,32,1,0.12387000945524712
181.mcf,l,22,4,1,0.11952745601410118
181.mcf,l,22,64,1,0.12427659926090473
181.mcf,l,22,8,1,0.1243643593045409
181.mcf,l,23,16,1,0.04340980640867979
181.mcf,l,23,32,1,0.04125999671349782
181.mcf,l,23,4,1,0.05271476854734437
181.mcf,l,23,64,1,0.04068543615657474
181.mcf,l,23,8,1,0.04803205787749138
181.mcf,l,24,16,1,0.037423121075430645
181.mcf,l,24,32,1,0.03742281167641397
181.mcf,l,24,4,1,0.03794285744319049
181.mcf,l,24,64,1,0.03741166936203899
181.mcf,l,24,8,1,0.03745762499045192
181.mcf,l,25,16,1,0.036317878008515235
181.mcf,l,25,32,1,0.036332135378521924
181.mcf,l,25,4,1,0.03646405521968273
181.mcf,l,25,64,1,0.036336643388024455
181.mcf,l,25,8,1,0.03632478616443222
183.equake,2,16,16,1,0.0629464343049399
183.equake,2,16,32,1,0.06277846654620678
183.equake,2,16,4,1,0.09419153219734848
183.equake,2,16,64,1,0.06274667524173463
183.equake,2,16,8,1,0.06688289822851948
183.equake,2,17,16,1,0.062052558063892684
183.equake,2,17,32,1,0.06190604832564668
183.equake,2,17,4,1,0.09289536941112836
183.equake,2,17,64,1,0.06187188266362335
183.equake,2,17,8,1,0.06227829297611866
183.equake,2,18,16,1,0.06135597550590994
183.equake,2,18,32,1,0.061318933752060927
183.equake,2,18,4,1,0.06144191415089017
183.equake,2,18,64,1,0.06129431103153714
183.equake,2,18,8,1,0.06164257899986532
183.equake,2,19,16,1,0.06105712281346118
183.equake,2,19,32,1,0.061009317083373815
183.equake,2,19,4,1,0.060951533279407256
183.equake,2,19,64,1,0.06100146360994014
183.equake,2,19,8,1,0.061008353575961745
183.equake,2,20,16,1,0.06067308074734919
183.equake,2,20,32,1,0.06068004619551828
183.equake,2,20,4,1,0.060701692921374124
183.equake,2,20,64,1,0.06066285291636433
183.equake,2,20,8,1,0.06066793686100408
183.equake,2,21,16,1,0.05938128926549399
183.equake,2,21,32,1,0.059395468808906254
183.equake,2,21,4,1,0.05932690992838553
183.equake,2,21,64,1,0.05940188812153763
183.equake,2,21,8,1,0.05941538943565406
183.equake,2,22,16,1,0.05630256450485093
183.equake,2,22,32,1,0.056302618896398385
183.equake,2,22,4,1,0.05604595295417533
183.equake,2,22,64,1,0.056322648306241105
183.equake,2,22,8,1,0.0562317655806003
183.equake,2,23,16,1,0.0515290868179787
183.equake,2,23,32,1,0.05160249431644405
183.equake,2,23,4,1,0.050840862797798855
183.equake,2,23,64,1,0.05163839384779649
183.equake,2,23,8,1,0.05131579202967798
183.equake,2,24,16,1,0.04669169462271953
183.equake,2,24,32,1,0.046714565713408915
183.equake,2,24,4,1,0.04655466899429929
183.equake,2,24,64,1,0.046715443748389276
183.equake,2,24,8,1,0.04658945405394467
183.equake,2,25,16,1,0.024128159273369774
183.equake,2,25,32,1,0.023972430722845793
183.equake,2,25,4,1,0.026336917873214568
183.equake,2,25,64,1,0.023825201684135475
183.equake,2,25,8,1,0.024671686236874945
183.equake,l,16,16,1,0.062264675108686246
183.equake,l,16,32,1,0.062244886575696545
183.equake,l,16,4,1,0.1000411033594029
183.equake,l,16,64,1,0.06223994360506755
183.equake,l,16,8,1,0.06977846555827867
183.equake,l,17,16,1,0.061623530857939965
183.equake,l,17,32,1,0.061608948373063896
183.equake,l,17,4,1,0.09906439656180151
183.equake,l,17,64,1,0.06160215941991615
183.equake,l,17,8,1,0.06169862671443961
183.equake,l,18,16,1,0.061001697826603675
183.equake,l,18,32,1,0.06097343309246351
183.equake,l,18,4,1,0.061110811710926416
183.equake,l,18,64,1,0.060969703386352256
183.equake,l,18,8,1,0.06106147746735239
183.equake,l,19,16,1,0.06088807055387368
183.equake,l,19,32,1,0.060887093726082635
183.equake,l,19,4,1,0.060892461838807053
183.equake,l,19,64,1,0.060887067085324695
183.equake,l,19,8,1,0.06088864888032724
183.equake,l,20,16,1,0.060876571736728884
183.equake,l,20,32,1,0.06087626314794944
183.equake,l,20,4,1,0.060837073482991715
183.equake,l,20,64,1,0.06087612328397027
183.equake,l,20,8,1,0.06087447599710446
183.equake,l,21,16,1,0.05960548678398065
183.equake,l,21,32,1,0.05963373708771027
183.equake,l,21,4,1,0.059408626013232664
183.equake,l,21,64,1,0.059653199271415235
183.equake,l,21,8,1,0.05963983893130955
183.equake,l,22,16,1,0.056107476454537376
183.equake,l,22,32,1,0.056089237525634376
183.equake,l,22,4,1,0.0561522595686304
183.equake,l,22,64,1,0.056126673340694544
183.equake,l,22,8,1,0.05613912012480929
183.equake,l,23,16,1,0.050758520655140194
183.equake,l,23,32,1,0.05085077537981479
183.equake,l,23,4,1,0.050314039589520534
183.equake,l,23,64,1,0.0509395090843153
183.equake,l,23,8,1,0.05067199369342218
183.equake,l,24,16,1,0.046427643640389864
183.equake,l,24,32,1,0.04641800967630069
183.equake,l,24,4,1,0.04630076592068067
183.equake,l,24,64,1,0.04639641068180282
183.equake,l,24,8,1,0.046414775044274444
183.equake,l,25,16,1,0.0440339715397005
183.equake,l,25,32,1,0.0441017822589358
183.equake,l,25,4,1,0.040450913920636315
183.equake,l,25,64,1,0.04410052348312325
183.equake,l,25,8,1,0.043926009868158554
186.crafty,2,16,16,1,0.002838268603539298
186.crafty,2,16,32,1,0.0026194126599164195
186.crafty,2,16,4,1,0.005234600002421808
186.crafty,2,16,64,1,0.0024959675918480853
186.crafty,2,16,8,1,0.003218374514382999
186.crafty,2,17,16,1,0.001168502829238143
186.crafty,2,17,32,1,0.0011256813852829838
186.crafty,2,17,4,1,0.0018201982220111762
186.crafty,2,17,64,1,0.0011034672004386348
186.crafty,2,17,8,1,0.0013405947869200231
186.crafty,2,18,16,1,0.0006279898394602478
186.crafty,2,18,32,1,0.0006126302396823129
186.crafty,2,18,4,1,0.000707305627231913
186.crafty,2,18,64,1,0.000605880335903109
186.crafty,2,18,8,1,0.0006471546720031356
186.crafty,2,19,16,1,0.0003258823635660472
186.crafty,2,19,32,1,0.0003235032434021788
186.crafty,2,19,4,1,0.0003615487735655268
186.crafty,2,19,64,1,0.0003191596497315732
186.crafty,2,19,8,1,0.00033450293554267006
186.crafty,2,20,16,1,0.00008410801553031457
186.crafty,2,20,32,1,0.00008168267246040523
186.crafty,2,20,4,1,0.0000989537253528538
186.crafty,2,20,64,1,0.00008137542608495707
186.crafty,2,20,8,1,0.00008991850671909961
186.crafty,2,21,16,1,0.00002848826459077928
186.crafty,2,21,32,1,0.00002848826459077928
186.crafty,2,21,4,1,0.000029261818518345655
186.crafty,2,21,64,1,0.00002848826459077928
186.crafty,2,21,8,1,0.00002848826459077928
186.crafty,2,22,16,1,0.00002848826459077928
186.crafty,2,22,32,1,0.00002848826459077928
186.crafty,2,22,4,1,0.00002848826459077928
186.crafty,2,22,64,1,0.00002848826459077928
186.crafty,2,22,8,1,0.00002848826459077928
186.crafty,2,23,16,1,0.00002848826459077928
186.crafty,2,23,32,1,0.00002848826459077928
186.crafty,2,23,4,1,0.00002848826459077928
186.crafty,2,23,64,1,0.00002848826459077928
186.crafty,2,23,8,1,0.00002848826459077928
186.crafty,2,24,16,1,0.00002848826459077928
186.crafty,2,24,32,1,0.00002848826459077928
186.crafty,2,24,4,1,0.00002848826459077928
186.crafty,2,24,64,1,0.00002848826459077928
186.crafty,2,24,8,1,0.00002848826459077928
186.crafty,2,25,16,1,0.00002848826459077928
186.crafty,2,25,32,1,0.00002848826459077928
186.crafty,2,25,4,1,0.00002848826459077928
186.crafty,2,25,64,1,0.00002848826459077928
186.crafty,2,25,8,1,0.00002848826459077928
186.crafty,l,16,16,1,0.002139950612537862
186.crafty,l,16,32,1,0.0019276596810700237
186.crafty,l,16,4,1,0.0051801072746913285
186.crafty,l,16,64,1,0.0018137909115355695
186.crafty,l,16,8,1,0.0025864693228816417
186.crafty,l,17,16,1,0.000935276999825499
186.crafty,l,17,32,1,0.0008916561714952798
186.crafty,l,17,4,1,0.001646190732723073
186.crafty,l,17,64,1,0.000874839190679821
186.crafty,l,17,8,1,0.0011055866566303323
186.crafty,l,18,16,1,0.0005373671131726431
186.crafty,l,18,32,1,0.0005223677801623797
186.crafty,l,18,4,1,0.000637167805303834
186.crafty,l,18,64,1,0.0005164607646698034
186.crafty,l,18,8,1,0.0005608211594966767
186.crafty,l,19,16,1,0.00029057893932871214
186.crafty,l,19,32,1,0.0002870673579668423
186.crafty,l,19,4,1,0.00033250039611331105
186.crafty,l,19,64,1,0.0002844095408694921
186.crafty,l,19,8,1,0.0003000423995919627
186.crafty,l,20,16,1,0.00007158024849600146
186.crafty,l,20,32,1,0.00006822636881356517
186.crafty,l,20,4,1,0.00009058873885669227
186.crafty,l,20,64,1,0.00006704360621781342
186.crafty,l,20,8,1,0.00007875431541299226
186.crafty,l,21,16,1,0.00002848826459077928
186.crafty,l,21,32,1,0.00002848826459077928
186.crafty,l,21,4,1,0.00002911091432509457
186.crafty,l,21,64,1,0.00002848826459077928
186.crafty,l,21,8,1,0.00002848826459077928
186.crafty,l,22,16,1,0.00002848826459077928
186.crafty,l,22,32,1,0.00002848826459077928
186.crafty,l,22,4,1,0.00002848826459077928
186.crafty,l,22,64,1,0.00002848826459077928
186.crafty,l,22,8,1,0.00002848826459077928
186.crafty,l,23,16,1,0.00002848826459077928
186.crafty,l,23,32,1,0.00002848826459077928
186.crafty,l,23,4,1,0.00002848826459077928
186.crafty,l,23,64,1,0.00002848826459077928
186.crafty,l,23,8,1,0.00002848826459077928
186.crafty,l,24,16,1,0.00002848826459077928
186.crafty,l,24,32,1,0.00002848826459077928
186.crafty,l,24,4,1,0.00002848826459077928
186.crafty,l,24,64,1,0.00002848826459077928
186.crafty,l,24,8,1,0.00002848826459077928
186.crafty,l,25,16,1,0.00002848826459077928
186.crafty,l,25,32,1,0.00002848826459077928
186.crafty,l,25,4,1,0.00002848826459077928
186.crafty,l,25,64,1,0.00002848826459077928
186.crafty,l,25,8,1,0.00002848826459077928
188.ammp,2,16,16,1,0.04208343141069543
188.ammp,2,16,32,1,0.04205540409507405
188.ammp,2,16,4,1,0.0425433230092471
188.ammp,2,16,64,1,0.042095041748687036
188.ammp,2,16,8,1,0.0421671776045812
188.ammp,2,17,16,1,0.03440898322511372
188.ammp,2,17,32,1,0.034373931957185105
188.ammp,2,17,4,1,0.03481914040648724
188.ammp,2,17,64,1,0.03436836785882777
188.ammp,2,17,8,1,0.034523919527677
188.ammp,2,18,16,1,0.02838342328829368
188.ammp,2,18,32,1,0.028327164519240083
188.ammp,2,18,4,1,0.02873729349736342
188.ammp,2,18,64,1,0.02830304402527488
188.ammp,2,18,8,1,0.028463744801800202
188.ammp,2,19,16,1,0.02159658913545291
188.ammp,2,19,32,1,0.021520248309257792
188.ammp,2,19,4,1,0.022302594382200235
188.ammp,2,19,64,1,0.021482682923027234
188.ammp,2,19,8,1,0.02179371508109429
188.ammp,2,20,16,1,0.014280174495872577
188.ammp,2,20,32,1,0.01417636101797633
188.ammp,2,20,4,1,0.015113777961503
188.ammp,2,20,64,1,0.014136950333376721
188.ammp,2,20,8,1,0.014540197718455636
188.ammp,2,21,16,1,0.009914199897704663
188.ammp,2,21,32,1,0.009905846363603126
188.ammp,2,21,4,1,0.010274697870567182
188.ammp,2,21,64,1,0.009906614566417608
188.ammp,2,21,8,1,0.0099531432141584
188.ammp,2,22,16,1,0.0056334635796583404
188.ammp,2,22,32,1,0.005625150335914207
188.ammp,2,22,4,1,0.0060805428445558805
188.ammp,2,22,64,1,0.005622629502552699
188.ammp,2,22,8,1,0.005652293949696546
188.ammp,2,23,16,1,0.0018164746473671414
188.ammp,2,23,32,1,0.00180338565325885
188.ammp,2,23,4,1,0.0028225060695509637
188.ammp,2,23,64,1,0.0018016195925926893
188.ammp,2,23,8,1,0.0019213222444367285
188.ammp,2,24,16,1,0.0004924408352855612
188.ammp,2,24,32,1,0.0004888496214290487
188.ammp,2,24,4,1,0.0006372175195533435
188.ammp,2,24,64,1,0.00048731590182391133
188.ammp,2,24,8,1,0.0005295858587872154
188.ammp,2,25,16,1,0.00045608550278900396
188.ammp,2,25,32,1,0.00045608550278900396
188.ammp,2,25,4,1,0.00045608550278900396
188.ammp,2,25,64,1,0.00045608550278900396
188.ammp,2,25,8,1,0.00045608550278900396
188.ammp,l,16,16,1,0.04237584673761852
188.ammp,l,16,32,1,0.04231202815450422
188.ammp,l,16,4,1,0.042668456801269045
188.ammp,l,16,64,1,0.04232289446389578
188.ammp,l,16,8,1,0.04237627650143081
188.ammp,l,17,16,1,0.03486578052421685
188.ammp,l,17,32,1,0.03479423827958841
188.ammp,l,17,4,1,0.03515653051636728
188.ammp,l,17,64,1,0.03478725596065049
188.ammp,l,17,8,1,0.035039304378491606
188.ammp,l,18,16,1,0.029359736542857114
188.ammp,l,18,32,1,0.02941343150216797
188.ammp,l,18,4,1,0.029230702644238563
188.ammp,l,18,64,1,0.029448560664787567
188.ammp,l,18,8,1,0.029264839321054132
188.ammp,l,19,16,1,0.022646755958147788
188.ammp,l,19,32,1,0.022586854940784974
188.ammp,l,19,4,1,0.023014330260782173
188.ammp,l,19,64,1,0.02258579664739719
188.ammp,l,19,8,1,0.02275192184904086
188.ammp,l,20,16,1,0.014601703635055004
188.ammp,l,20,32,1,0.014504790552369962
188.ammp,l,20,4,1,0.015483278143221244
188.ammp,l,20,64,1,0.014479096048442214
188.ammp,l,20,8,1,0.014911739278282293
188.ammp,l,21,16,1,0.00974287455393219
188.ammp,l,21,32,1,0.009732065994052904
188.ammp,l,21,4,1,0.010277844547480349
188.ammp,l,21,64,1,0.009728368682255231
188.ammp,l,21,8,1,0.009819614254665597
188.ammp,l,22,16,1,0.00755705685724068
188.ammp,l,22,32,1,0.007557583317910744
188.ammp,l,22,4,1,0.0065010653918772515
188.ammp,l,22,64,1,0.007556766766667378
188.ammp,l,22,8,1,0.007428805934567656
188.ammp,l,23,16,1,0.0022246656592993953
188.ammp,l,23,32,1,0.0022667825129045684
188.ammp,l,23,4,1,0.003382993289454296
188.ammp,l,23,64,1,0.0022744121635847655
188.ammp,l,23,8,1,0.002254605423885496
188.ammp,l,24,16,1,0.0005201968625004245
188.ammp,l,24,32,1,0.0005187517816815734
188.ammp,l,24,4,1,0.0006710990241053622
188.ammp,l,24,64,1,0.0005186107654306633
188.ammp,l,24,8,1,0.0005983897021241613
188.ammp,l,25,16,1,0.00045608550278900396
188.ammp,l,25,32,1,0.00045608550278900396
188.ammp,l,25,4,1,0.00045608550278900396
188.ammp,l,25,64,1,0.00045608550278900396
188.ammp,l,25,8,1,0.00045608550278900396
189.lucas,2,16,16,1,0.08641679435813855
189.lucas,2,16,32,1,0.08641449431783603
189.lucas,2,16,4,1,0.08642792285872077
189.lucas,2,16,64,1,0.08641929489167019
189.lucas,2,16,8,1,0.08642152059178662
189.lucas,2,17,16,1,0.08640375554004749
189.lucas,2,17,32,1,0.08639951814944119
189.lucas,2,17,4,1,0.08641029747642213
189.lucas,2,17,64,1,0.08639523345144375
189.lucas,2,17,8,1,0.08640690711339051
189.lucas,2,18,16,1,0.08639368807666654
189.lucas,2,18,32,1,0.08638932228028429
189.lucas,2,18,4,1,0.08639833771739562
189.lucas,2,18,64,1,0.08638256858701597
189.lucas,2,18,8,1,0.08639618861019817
189.lucas,2,19,16,1,0.08637783108970334
189.lucas,2,19,32,1,0.08637519989766285
189.lucas,2,19,4,1,0.08637971887988308
189.lucas,2,19,64,1,0.08636921438631731
189.lucas,2,19,8,1,0.0863794643210641
189.lucas,2,20,16,1,0.08633937468617318
189.lucas,2,20,32,1,0.08633818524319598
189.lucas,2,20,4,1,0.08633584915916688
189.lucas,2,20,64,1,0.08633457636507195
189.lucas,2,20,8,1,0.08634007979157445
189.lucas,2,21,16,1,0.08624339249501806
189.lucas,2,21,32,1,0.08624345331880666
189.lucas,2,21,4,1,0.08622580991464474
189.lucas,2,21,64,1,0.08624234947968008
189.lucas,2,21,8,1,0.08624095278527504
189.lucas,2,22,16,1,0.08599272639850307
189.lucas,2,22,32,1,0.08599817350668278
189.lucas,2,22,4,1,0.0859637314732007
189.lucas,2,22,64,1,0.0860010277192815
189.lucas,2,22,8,1,0.08598221064127275
189.lucas,2,23,16,1,0.08523622714860117
189.lucas,2,23,32,1,0.08527735304063132
189.lucas,2,23,4,1,0.08475986875262675
189.lucas,2,23,64,1,0.08530023630154511
189.lucas,2,23,8,1,0.08518804794982551
189.lucas,2,24,16,1,0.08221199629159613
189.lucas,2,24,32,1,0.08243683480528216
189.lucas,2,24,4,1,0.0802529409062089
189.lucas,2,24,64,1,0.08255184132587388
189.lucas,2,24,8,1,0.08140534895435403
189.lucas,2,25,16,1,0.06892860799927661
189.lucas,2,25,32,1,0.06994293928908457
189.lucas,2,25,4,1,0.06394578581986407
189.lucas,2,25,64,1,0.07031294165884697
189.lucas,2,25,8,1,0.06466810885876742
189.lucas,l,16,16,1,0.08640505761967027
189.lucas,l,16,32,1,0.08640242417489687
189.lucas,l,16,4,1,0.08641638210801578
189.lucas,l,16,64,1,0.08640251428421332
189.lucas,l,16,8,1,0.08640753562587279
189.lucas,l,17,16,1,0.0864021741215437
189.lucas,l,17,32,1,0.08639792997273867
189.lucas,l,17,4,1,0.08640426465768547
189.lucas,l,17,64,1,0.08639305956418426
189.lucas,l,17,8,1,0.08640146676340953
189.lucas,l,18,16,1,0.0863896421683577
189.lucas,l,18,32,1,0.08638390896309824
189.lucas,l,18,4,1,0.08639485949778046
189.lucas,l,18,64,1,0.08637607170529955
189.lucas,l,18,8,1,0.08639370384579692
189.lucas,l,19,16,1,0.08637344051325906
189.lucas,l,19,32,1,0.08637047141128186
189.lucas,l,19,4,1,0.0863766551631236
189.lucas,l,19,64,1,0.08636487336999708
189.lucas,l,19,8,1,0.08637667769045271
189.lucas,l,20,16,1,0.08632867871030996
189.lucas,l,20,32,1,0.08632699817155808
189.lucas,l,20,4,1,0.08632985914235553
189.lucas,l,20,64,1,0.08632272924269101
189.lucas,l,20,8,1,0.08633230110483145
189.lucas,l,21,16,1,0.08621098017388913
189.lucas,l,21,32,1,0.08620876348470433
189.lucas,l,21,4,1,0.08620893243967269
189.lucas,l,21,64,1,0.08620710997874738
189.lucas,l,21,8,1,0.08621555547443215
189.lucas,l,22,16,1,0.08593564439926163
189.lucas,l,22,32,1,0.0859393411339692
189.lucas,l,22,4,1,0.08592352694893132
189.lucas,l,22,64,1,0.08594169073439577
189.lucas,l,22,8,1,0.08593182376424394
189.lucas,l,23,16,1,0.08550790223224769
189.lucas,l,23,32,1,0.0855105176551578
189.lucas,l,23,4,1,0.08487005217205522
189.lucas,l,23,64,1,0.08550870195243122
189.lucas,l,23,8,1,0.08547595172136559
189.lucas,l,24,16,1,0.08277581929558776
189.lucas,l,24,32,1,0.08356688673201478
189.lucas,l,24,4,1,0.08024226295220896
189.lucas,l,24,64,1,0.08357391751143119
189.lucas,l,24,8,1,0.08196356941159506
189.lucas,l,25,16,1,0.07279407465464506
189.lucas,l,25,32,1,0.07399416630032536
189.lucas,l,25,4,1,0.06316202850173448
189.lucas,l,25,64,1,0.07475372250878799
189.lucas,l,25,8,1,0.06368881657666305
191.fma3d,2,16,16,1,0.02451961619395465
191.fma3d,2,16,32,1,0.02447633810991612
191.fma3d,2,16,4,1,0.024990348921611952
191.fma3d,2,16,64,1,0.024461462396843492
191.fma3d,2,16,8,1,0.024657172774907147
191.fma3d,2,17,16,1,0.02434766910010874
191.fma3d,2,17,32,1,0.024325286600673113
191.fma3d,2,17,4,1,0.024357394770416374
191.fma3d,2,17,64,1,0.024317757931825452
191.fma3d,2,17,8,1,0.02440902430472582
191.fma3d,2,18,16,1,0.023956938736372488
191.fma3d,2,18,32,1,0.02392554831212611
191.fma3d,2,18,4,1,0.023974441441728684
191.fma3d,2,18,64,1,0.02393850493129396
191.fma3d,2,18,8,1,0.023837752501293
191.fma3d,2,19,16,1,0.023252293188930146
191.fma3d,2,19,32,1,0.023296363418913408
191.fma3d,2,19,4,1,0.023390776493108043
191.fma3d,2,19,64,1,0.023301488296821042
191.fma3d,2,19,8,1,0.023201047692226504
191.fma3d,2,20,16,1,0.022610621055845576
191.fma3d,2,20,32,1,0.022671400751116066
191.fma3d,2,20,4,1,0.022782699444599454
191.fma3d,2,20,64,1,0.02268656093648929
191.fma3d,2,20,8,1,0.022647798303160584
191.fma3d,2,21,16,1,0.022418295898158996
191.fma3d,2,21,32,1,0.0224140725786194
191.fma3d,2,21,4,1,0.02252221253544195
191.fma3d,2,21,64,1,0.02243421868812266
191.fma3d,2,21,8,1,0.02243894202243676
191.fma3d,2,22,16,1,0.022342930432737634
191.fma3d,2,22,32,1,0.02233680661940522
191.fma3d,2,22,4,1,0.02241241060390939
191.fma3d,2,22,64,1,0.022334546158739726
191.fma3d,2,22,8,1,0.02236092330575024
191.fma3d,2,23,16,1,0.021702286776432135
191.fma3d,2,23,32,1,0.021692689118659767
191.fma3d,2,23,4,1,0.021805520680193664
191.fma3d,2,23,64,1,0.02168669660023532
191.fma3d,2,23,8,1,0.02173341242261411
191.fma3d,2,24,16,1,0.019248807278488152
191.fma3d,2,24,32,1,0.01921536318305633
191.fma3d,2,24,4,1,0.019373508993826474
191.fma3d,2,24,64,1,0.019199333168917827
191.fma3d,2,24,8,1,0.019311713951267705
191.fma3d,2,25,16,1,0.013793885701828391
191.fma3d,2,25,32,1,0.013855186200233818
191.fma3d,2,25,4,1,0.013378154599366811
191.fma3d,2,25,64,1,0.013882507576457459
191.fma3d,2,25,8,1,0.013686443796266528
191.fma3d,l,16,16,1,0.024346733623889474
191.fma3d,l,16,32,1,0.02434639882187416
191.fma3d,l,16,4,1,0.024701375393922607
191.fma3d,l,16,64,1,0.02434639882187416
191.fma3d,l,16,8,1,0.02435208717376182
191.fma3d,l,17,16,1,0.024340915071218085
191.fma3d,l,17,32,1,0.024341489486440437
191.fma3d,l,17,4,1,0.02434304095460291
191.fma3d,l,17,64,1,0.024341486204067737
191.fma3d,l,17,8,1,0.024341420556613754
191.fma3d,l,18,16,1,0.023882663018687248
191.fma3d,l,18,32,1,0.02348766885281478
191.fma3d,l,18,4,1,0.0239965985515723
191.fma3d,l,18,64,1,0.023719072845733418
191.fma3d,l,18,8,1,0.023516776933911
191.fma3d,l,19,16,1,0.02348077696427076
191.fma3d,l,19,32,1,0.02348242033886881
191.fma3d,l,19,4,1,0.02335268236968573
191.fma3d,l,19,64,1,0.02348250239818629
191.fma3d,l,19,8,1,0.02339927236777772
191.fma3d,l,20,16,1,0.022347511530901438
191.fma3d,l,20,32,1,0.02234750824852874
191.fma3d,l,20,4,1,0.022617142036274587
191.fma3d,l,20,64,1,0.022347495119037945
191.fma3d,l,20,8,1,0.022348227088149857
191.fma3d,l,21,16,1,0.022347117646177538
191.fma3d,l,21,32,1,0.02234708482245055
191.fma3d,l,21,4,1,0.022426014944623204
191.fma3d,l,21,64,1,0.022347074975332448
191.fma3d,l,21,8,1,0.022347491836665245
191.fma3d,l,22,16,1,0.022346280641139252
191.fma3d,l,22,32,1,0.02234621171131257
191.fma3d,l,22,4,1,0.02235272065637502
191.fma3d,l,22,64,1,0.022346182169958276
191.fma3d,l,22,8,1,0.02234660559603647
191.fma3d,l,23,16,1,0.022339281528420393
191.fma3d,l,23,32,1,0.022337495917672045
191.fma3d,l,23,4,1,0.022332260533216873
191.fma3d,l,23,64,1,0.02233742698784536
191.fma3d,l,23,8,1,0.022337843849178154
191.fma3d,l,24,16,1,0.020072813026763035
191.fma3d,l,24,32,1,0.02005051258664489
191.fma3d,l,24,4,1,0.019796466786847388
191.fma3d,l,24,64,1,0.020079758527394475
191.fma3d,l,24,8,1,0.019969388745384953
191.fma3d,l,25,16,1,0.014078446626485823
191.fma3d,l,25,32,1,0.014282360748048931
191.fma3d,l,25,4,1,0.013258740786446848
191.fma3d,l,25,64,1,0.014444494641648563
191.fma3d,l,25,8,1,0.013760565242434904
197.parser,2,16,16,1,0.016333298005834402
197.parser,2,16,32,1,0.01631922859912426
197.parser,2,16,4,1,0.016642005141047897
197.parser,2,16,64,1,0.01635905722462566
197.parser,2,16,8,1,0.016306261305444814
197.parser,2,17,16,1,0.008351352025928838
197.parser,2,17,32,1,0.007788786770108572
197.parser,2,17,4,1,0.009868967372244561
197.parser,2,17,64,1,0.007647692064246956
197.parser,2,17,8,1,0.009037927096993813
197.parser,2,18,16,1,0.005490755634157934
197.parser,2,18,32,1,0.0054619709511349234
197.parser,2,18,4,1,0.005974249626628201
197.parser,2,18,64,1,0.005458998240049531
197.parser,2,18,8,1,0.005551216442928739
197.parser,2,19,16,1,0.0039284540955936
197.parser,2,19,32,1,0.00391326546672421
197.parser,2,19,4,1,0.004072272004415935
197.parser,2,19,64,1,0.003906726928097059
197.parser,2,19,8,1,0.003973170228817172
197.parser,2,20,16,1,0.002855459375924062
197.parser,2,20,32,1,0.0028609899017275325
197.parser,2,20,4,1,0.002843001078818952
197.parser,2,20,64,1,0.0028670037604125124
197.parser,2,20,8,1,0.002843587066471756
197.parser,2,21,16,1,0.0018998389811436388
197.parser,2,21,32,1,0.0019079515595972981
197.parser,2,21,4,1,0.001880542735661771
197.parser,2,21,64,1,0.001911458930949847
197.parser,2,21,8,1,0.001886144549500862
197.parser,2,22,16,1,0.0011010422844042282
197.parser,2,22,32,1,0.0011092546661077571
197.parser,2,22,4,1,0.0010747583856707992
197.parser,2,22,64,1,0.0011146083975828874
197.parser,2,22,8,1,0.001084563342090099
197.parser,2,23,16,1,0.0007942043214847114
197.parser,2,23,32,1,0.000800094138987711
197.parser,2,23,4,1,0.0007714862502930401
197.parser,2,23,64,1,0.0008022655725527239
197.parser,2,23,8,1,0.0007841797979156992
197.parser,2,24,16,1,0.0005669851140287631
197.parser,2,24,32,1,0.0005689098909905277
197.parser,2,24,4,1,0.0005537996789603198
197.parser,2,24,64,1,0.0005701246391175079
197.parser,2,24,8,1,0.000563268155851489
197.parser,2,25,16,1,0.0004701346145949085
197.parser,2,25,32,1,0.0004701346145949085
197.parser,2,25,4,1,0.0004701702586127189
197.parser,2,25,64,1,0.0004701346145949085
197.parser,2,25,8,1,0.0004701346145949085
197.parser,l,16,16,1,0.0166534753859793
197.parser,l,16,32,1,0.016757801148828366
197.parser,l,16,4,1,0.016792870585071715
197.parser,l,16,64,1,0.016772446562866326
197.parser,l,16,8,1,0.016628205203112402
197.parser,l,17,16,1,0.009013928692682392
197.parser,l,17,32,1,0.008289204542235242
197.parser,l,17,4,1,0.010293363583185096
197.parser,l,17,64,1,0.008055215822916732
197.parser,l,17,8,1,0.009660605275971056
197.parser,l,18,16,1,0.005431146004532442
197.parser,l,18,32,1,0.005382966698538407
197.parser,l,18,4,1,0.006049785003411403
197.parser,l,18,64,1,0.005373656481086316
197.parser,l,18,8,1,0.0055207992638900095
197.parser,l,19,16,1,0.003839321238896065
197.parser,l,19,32,1,0.003801960605187859
197.parser,l,19,4,1,0.0040415211973704995
197.parser,l,19,64,1,0.0037824533471205535
197.parser,l,19,8,1,0.0039144559769190785
197.parser,l,20,16,1,0.0027403648424141045
197.parser,l,20,32,1,0.002743738192259686
197.parser,l,20,4,1,0.0027823449408305454
197.parser,l,20,64,1,0.002743819460620294
197.parser,l,20,8,1,0.0027421413402617775
197.parser,l,21,16,1,0.0018441986693415193
197.parser,l,21,32,1,0.001840577237131977
197.parser,l,21,4,1,0.0018534875003829237
197.parser,l,21,64,1,0.001834934076232226
197.parser,l,21,8,1,0.0018454276750756236
197.parser,l,22,16,1,0.0010178519983560523
197.parser,l,22,32,1,0.0010158060317337321
197.parser,l,22,4,1,0.0010366292669385998
197.parser,l,22,64,1,0.001014135040178778
197.parser,l,22,8,1,0.0010222918172145224
197.parser,l,23,16,1,0.0007304528569896449
197.parser,l,23,32,1,0.0007297741948905338
197.parser,l,23,4,1,0.0007330933658290434
197.parser,l,23,64,1,0.000728997155302266
197.parser,l,23,8,1,0.0007292766044018999
197.parser,l,24,16,1,0.0005445179767224774
197.parser,l,24,32,1,0.0005454432954248368
197.parser,l,24,4,1,0.0005345590381462364
197.parser,l,24,64,1,0.0005461419181739218
197.parser,l,24,8,1,0.0005470002261227974
197.parser,l,25,16,1,0.0004701346145949085
197.parser,l,25,32,1,0.0004701346145949085
197.parser,l,25,4,1,0.0004701816646984183
197.parser,l,25,64,1,0.0004701346145949085
197.parser,l,25,8,1,0.0004701346145949085
200.sixtrack,2,16,16,1,0.0021870974326208387
200.sixtrack,2,16,32,1,0.0021913807443202076
200.sixtrack,2,16,4,1,0.0021834439601358924
200.sixtrack,2,16,64,1,0.002194307167679824
200.sixtrack,2,16,8,1,0.0021823847771482944
200.sixtrack,2,17,16,1,0.002166985107095339
200.sixtrack,2,17,32,1,0.002168331869402705
200.sixtrack,2,17,4,1,0.002170379353151198
200.sixtrack,2,17,64,1,0.0021693525734672358
200.sixtrack,2,17,8,1,0.0021666104438970487
200.sixtrack,2,18,16,1,0.002162880013565967
200.sixtrack,2,18,32,1,0.0021628557110882404
200.sixtrack,2,18,4,1,0.002165069261767867
200.sixtrack,2,18,64,1,0.0021631655676792585
200.sixtrack,2,18,8,1,0.0021634490965860725
200.sixtrack,2,19,16,1,0.002144551894946918
200.sixtrack,2,19,32,1,0.0021427798392793305
200.sixtrack,2,19,4,1,0.0021523307130260085
200.sixtrack,2,19,64,1,0.002142150000064908
200.sixtrack,2,19,8,1,0.0021472798480717645
200.sixtrack,2,20,16,1,0.0016298618704074304
200.sixtrack,2,20,32,1,0.0016284077721567698
200.sixtrack,2,20,4,1,0.0016652280511195248
200.sixtrack,2,20,64,1,0.0016262894061815738
200.sixtrack,2,20,8,1,0.0016278366639301874
200.sixtrack,2,21,16,1,0.00006867070123035527
200.sixtrack,2,21,32,1,0.00005026562476517098
200.sixtrack,2,21,4,1,0.00037939813103374703
200.sixtrack,2,21,64,1,0.00005026562476517098
200.sixtrack,2,21,8,1,0.00011978286230301381
200.sixtrack,2,22,16,1,0.00005026562476517098
200.sixtrack,2,22,32,1,0.00005026562476517098
200.sixtrack,2,22,4,1,0.000050532952020167056
200.sixtrack,2,22,64,1,0.00005026562476517098
200.sixtrack,2,22,8,1,0.00005026562476517098
200.sixtrack,2,23,16,1,0.00005026562476517098
200.sixtrack,2,23,32,1,0.00005026562476517098
200.sixtrack,2,23,4,1,0.00005026562476517098
200.sixtrack,2,23,64,1,0.00005026562476517098
200.sixtrack,2,23,8,1,0.00005026562476517098
200.sixtrack,2,24,16,1,0.00005026562476517098
200.sixtrack,2,24,32,1,0.00005026562476517098
200.sixtrack,2,24,4,1,0.00005026562476517098
200.sixtrack,2,24,64,1,0.00005026562476517098
200.sixtrack,2,24,8,1,0.00005026562476517098
200.sixtrack,2,25,16,1,0.00005026562476517098
200.sixtrack,2,25,32,1,0.00005026562476517098
200.sixtrack,2,25,4,1,0.00005026562476517098
200.sixtrack,2,25,64,1,0.00005026562476517098
200.sixtrack,2,25,8,1,0.00005026562476517098
200.sixtrack,l,16,16,1,0.0021631777189181217
200.sixtrack,l,16,32,1,0.002163264802796643
200.sixtrack,l,16,4,1,0.002164054633322768
200.sixtrack,l,16,64,1,0.0021631777189181217
200.sixtrack,l,16,8,1,0.002163528079638685
200.sixtrack,l,17,16,1,0.002161869435533823
200.sixtrack,l,17,32,1,0.0021619565194123443
200.sixtrack,l,17,4,1,0.002162653190440516
200.sixtrack,l,17,64,1,0.0021619565194123443
200.sixtrack,l,17,8,1,0.0021623048549264303
200.sixtrack,l,18,16,1,0.0021616081838982584
200.sixtrack,l,18,32,1,0.0021616081838982584
200.sixtrack,l,18,4,1,0.0021617823516553013
200.sixtrack,l,18,64,1,0.0021616081838982584
200.sixtrack,l,18,8,1,0.00216169526777678
200.sixtrack,l,19,16,1,0.0021613469322626943
200.sixtrack,l,19,32,1,0.0021613469322626943
200.sixtrack,l,19,4,1,0.00216126187359065
200.sixtrack,l,19,64,1,0.0021613469322626943
200.sixtrack,l,19,8,1,0.0021613489574691712
200.sixtrack,l,20,16,1,0.00215507689300915
200.sixtrack,l,20,32,1,0.0021585723993888715
200.sixtrack,l,20,4,1,0.0019567848764093345
200.sixtrack,l,20,64,1,0.00215848531551035
200.sixtrack,l,20,8,1,0.0021015263833378908
200.sixtrack,l,21,16,1,0.0001284750485033407
200.sixtrack,l,21,32,1,0.00005026562476517098
200.sixtrack,l,21,4,1,0.0005470973785883299
200.sixtrack,l,21,64,1,0.00005026562476517098
200.sixtrack,l,21,8,1,0.00023515077448563792
200.sixtrack,l,22,16,1,0.00005026562476517098
200.sixtrack,l,22,32,1,0.00005026562476517098
200.sixtrack,l,22,4,1,0.00005060788465982504
200.sixtrack,l,22,64,1,0.00005026562476517098
200.sixtrack,l,22,8,1,0.00005026562476517098
200.sixtrack,l,23,16,1,0.00005026562476517098
200.sixtrack,l,23,32,1,0.00005026562476517098
200.sixtrack,l,23,4,1,0.00005026562476517098
200.sixtrack,l,23,64,1,0.00005026562476517098
200.sixtrack,l,23,8,1,0.00005026562476517098
200.sixtrack,l,24,16,1,0.00005026562476517098
200.sixtrack,l,24,32,1,0.00005026562476517098
200.sixtrack,l,24,4,1,0.00005026562476517098
200.sixtrack,l,24,64,1,0.00005026562476517098
200.sixtrack,l,24,8,1,0.00005026562476517098
200.sixtrack,l,25,16,1,0.00005026562476517098
200.sixtrack,l,25,32,1,0.00005026562476517098
200.sixtrack,l,25,4,1,0.00005026562476517098
200.sixtrack,l,25,64,1,0.00005026562476517098
200.sixtrack,l,25,8,1,0.00005026562476517098
252.eon,2,16,16,1,0.00000330186773462628
252.eon,2,16,32,1,0.0000019020734331637673
252.eon,2,16,4,1,0.00013980136807702112
252.eon,2,16,64,1,0.000001717835800838922
252.eon,2,16,8,1,0.000038153658059495505
252.eon,2,17,16,1,0.0000011373328699382917
252.eon,2,17,32,1,0.0000011373328699382917
252.eon,2,17,4,1,0.000001706513935165328
252.eon,2,17,64,1,0.0000011373328699382917
252.eon,2,17,8,1,0.0000011373328699382917
252.eon,2,18,16,1,0.0000011373328699382917
252.eon,2,18,32,1,0.0000011373328699382917
252.eon,2,18,4,1,0.0000011373328699382917
252.eon,2,18,64,1,0.0000011373328699382917
252.eon,2,18,8,1,0.0000011373328699382917
252.eon,2,19,16,1,0.0000011373328699382917
252.eon,2,19,32,1,0.0000011373328699382917
252.eon,2,19,4,1,0.0000011373328699382917
252.eon,2,19,64,1,0.0000011373328699382917
252.eon,2,19,8,1,0.0000011373328699382917
252.eon,2,20,16,1,0.0000011373328699382917
252.eon,2,20,32,1,0.0000011373328699382917
252.eon,2,20,4,1,0.0000011373328699382917
252.eon,2,20,64,1,0.0000011373328699382917
252.eon,2,20,8,1,0.0000011373328699382917
252.eon,2,21,16,1,0.0000011373328699382917
252.eon,2,21,32,1,0.0000011373328699382917
252.eon,2,21,4,1,0.0000011373328699382917
252.eon,2,21,64,1,0.0000011373328699382917
252.eon,2,21,8,1,0.0000011373328699382917
252.eon,2,22,16,1,0.0000011373328699382917
252.eon,2,22,32,1,0.0000011373328699382917
252.eon,2,22,4,1,0.0000011373328699382917
252.eon,2,22,64,1,0.0000011373328699382917
252.eon,2,22,8,1,0.0000011373328699382917
252.eon,2,23,16,1,0.0000011373328699382917
252.eon,2,23,32,1,0.0000011373328699382917
252.eon,2,23,4,1,0.0000011373328699382917
252.eon,2,23,64,1,0.0000011373328699382917
252.eon,2,23,8,1,0.0000011373328699382917
252.eon,2,24,16,1,0.0000011373328699382917
252.eon,2,24,32,1,0.0000011373328699382917
252.eon,2,24,4,1,0.0000011373328699382917
252.eon,2,24,64,1,0.0000011373328699382917
252.eon,2,24,8,1,0.0000011373328699382917
252.eon,2,25,16,1,0.0000011373328699382917
252.eon,2,25,32,1,0.0000011373328699382917
252.eon,2,25,4,1,0.0000011373328699382917
252.eon,2,25,64,1,0.0000011373328699382917
252.eon,2,25,8,1,0.0000011373328699382917
252.eon,l,16,16,1,0.000002730628148367681
252.eon,l,16,32,1,0.0000012124688875903235
252.eon,l,16,4,1,0.0001283786348728807
252.eon,l,16,64,1,0.0000011712984669590732
252.eon,l,16,8,1,0.00003855506966065019
252.eon,l,17,16,1,0.0000011373328699382917
252.eon,l,17,32,1,0.0000011373328699382917
252.eon,l,17,4,1,0.0000016005001020398583
252.eon,l,17,64,1,0.0000011373328699382917
252.eon,l,17,8,1,0.0000011373328699382917
252.eon,l,18,16,1,0.0000011373328699382917
252.eon,l,18,32,1,0.0000011373328699382917
252.eon,l,18,4,1,0.0000011373328699382917
252.eon,l,18,64,1,0.0000011373328699382917
252.eon,l,18,8,1,0.0000011373328699382917
252.eon,l,19,16,1,0.0000011373328699382917
252.eon,l,19,32,1,0.0000011373328699382917
252.eon,l,19,4,1,0.0000011373328699382917
252.eon,l,19,64,1,0.0000011373328699382917
252.eon,l,19,8,1,0.0000011373328699382917
252.eon,l,20,16,1,0.0000011373328699382917
252.eon,l,20,32,1,0.0000011373328699382917
252.eon,l,20,4,1,0.0000011373328699382917
252.eon,l,20,64,1,0.0000011373328699382917
252.eon,l,20,8,1,0.0000011373328699382917
252.eon,l,21,16,1,0.0000011373328699382917
252.eon,l,21,32,1,0.0000011373328699382917
252.eon,l,21,4,1,0.0000011373328699382917
252.eon,l,21,64,1,0.0000011373328699382917
252.eon,l,21,8,1,0.0000011373328699382917
252.eon,l,22,16,1,0.0000011373328699382917
252.eon,l,22,32,1,0.0000011373328699382917
252.eon,l,22,4,1,0.0000011373328699382917
252.eon,l,22,64,1,0.0000011373328699382917
252.eon,l,22,8,1,0.0000011373328699382917
252.eon,l,23,16,1,0.0000011373328699382917
252.eon,l,23,32,1,0.0000011373328699382917
252.eon,l,23,4,1,0.0000011373328699382917
252.eon,l,23,64,1,0.0000011373328699382917
252.eon,l,23,8,1,0.0000011373328699382917
252.eon,l,24,16,1,0.0000011373328699382917
252.eon,l,24,32,1,0.0000011373328699382917
252.eon,l,24,4,1,0.0000011373328699382917
252.eon,l,24,64,1,0.0000011373328699382917
252.eon,l,24,8,1,0.0000011373328699382917
252.eon,l,25,16,1,0.0000011373328699382917
252.eon,l,25,32,1,0.0000011373328699382917
252.eon,l,25,4,1,0.0000011373328699382917
252.eon,l,25,64,1,0.0000011373328699382917
252.eon,l,25,8,1,0.0000011373328699382917
253.perlbmk,2,16,16,1,0.0028957202957162025
253.perlbmk,2,16,32,1,0.0028745471748358115
253.perlbmk,2,16,4,1,0.003047192783549539
253.perlbmk,2,16,64,1,0.0028659693085945634
253.perlbmk,2,16,8,1,0.0029833913511963838
253.perlbmk,2,17,16,1,0.0016438307115050083
253.perlbmk,2,17,32,1,0.0015793535748418067
253.perlbmk,2,17,4,1,0.0018009972185242527
253.perlbmk,2,17,64,1,0.0015559744162139733
253.perlbmk,2,17,8,1,0.001687563094350419
253.perlbmk,2,18,16,1,0.0009952661387461865
253.perlbmk,2,18,32,1,0.0009974700714957783
253.perlbmk,2,18,4,1,0.00105039182245804
253.perlbmk,2,18,64,1,0.0009893216248160555
253.perlbmk,2,18,8,1,0.0010040850272413297
253.perlbmk,2,19,16,1,0.000631464622719367
253.perlbmk,2,19,32,1,0.0006314562027279646
253.perlbmk,2,19,4,1,0.0006465090423576982
253.perlbmk,2,19,64,1,0.0006319719272013648
253.perlbmk,2,19,8,1,0.0006348084118050658
253.perlbmk,2,20,16,1,0.00045971469059107587
253.perlbmk,2,20,32,1,0.00046021357508167115
253.perlbmk,2,20,4,1,0.00046935768574473405
253.perlbmk,2,20,64,1,0.0004614860462823667
253.perlbmk,2,20,8,1,0.00045995466034604574
253.perlbmk,2,21,16,1,0.0003457574744513648
253.perlbmk,2,21,32,1,0.00034587535433099916
253.perlbmk,2,21,4,1,0.00035089682670363644
253.perlbmk,2,21,64,1,0.00034647633121734914
253.perlbmk,2,21,8,1,0.0003469762682068697
253.perlbmk,2,22,16,1,0.00027288771135776905
253.perlbmk,2,22,32,1,0.00027300348623955276
253.perlbmk,2,22,4,1,0.00027850489812212984
253.perlbmk,2,22,64,1,0.0002733287084074725
253.perlbmk,2,22,8,1,0.0002746295970791513
253.perlbmk,2,23,16,1,0.00020524044793154413
253.perlbmk,2,23,32,1,0.00020401849667926327
253.perlbmk,2,23,4,1,0.00021127863426602752
253.perlbmk,2,23,64,1,0.0002034554097542243
253.perlbmk,2,23,8,1,0.00020766751045330091
253.perlbmk,2,24,16,1,0.00018408837702965931
253.perlbmk,2,24,32,1,0.0001840378570812446
253.perlbmk,2,24,4,1,0.00018674067432143172
253.perlbmk,2,24,64,1,0.00018403048958876746
253.perlbmk,2,24,8,1,0.0001845514765567942
253.perlbmk,2,25,16,1,0.00018402838459091685
253.perlbmk,2,25,32,1,0.00018402838459091685
253.perlbmk,2,25,4,1,0.00018407258954577973
253.perlbmk,2,25,64,1,0.00018402838459091685
253.perlbmk,2,25,8,1,0.00018402838459091685
253.perlbmk,l,16,16,1,0.0029629097221099193
253.perlbmk,l,16,32,1,0.00296444110804624
253.perlbmk,l,16,4,1,0.003056910506126894
253.perlbmk,l,16,64,1,0.0029744398478366517
253.perlbmk,l,16,8,1,0.0030177375486259107
253.perlbmk,l,17,16,1,0.0015656458288386148
253.perlbmk,l,17,32,1,0.0014901784983973624
253.perlbmk,l,17,4,1,0.001785312879539335
253.perlbmk,l,17,64,1,0.0014682738907638836
253.perlbmk,l,17,8,1,0.0016353570426573657
253.perlbmk,l,18,16,1,0.0009069646364097469
253.perlbmk,l,18,32,1,0.0009044133790148039
253.perlbmk,l,18,4,1,0.000994817774204006
253.perlbmk,l,18,64,1,0.0008980583905038032
253.perlbmk,l,18,8,1,0.0009281588072686439
253.perlbmk,l,19,16,1,0.0005504011554922602
253.perlbmk,l,19,32,1,0.0005427810632730411
253.perlbmk,l,19,4,1,0.0006070540151447333
253.perlbmk,l,19,64,1,0.0005409170876763233
253.perlbmk,l,19,8,1,0.0005696513608361161
253.perlbmk,l,20,16,1,0.00043888678935818546
253.perlbmk,l,20,32,1,0.00043751854075528703
253.perlbmk,l,20,4,1,0.0004534912644457385
253.perlbmk,l,20,64,1,0.0004379048078608745
253.perlbmk,l,20,8,1,0.00044090863979369925
253.perlbmk,l,21,16,1,0.00032775132283722114
253.perlbmk,l,21,32,1,0.00032490115574749113
253.perlbmk,l,21,4,1,0.000341369606431762
253.perlbmk,l,21,64,1,0.0003233087248735024
253.perlbmk,l,21,8,1,0.00033201183848686187
253.perlbmk,l,22,16,1,0.0002722825244757178
253.perlbmk,l,22,32,1,0.0002733676508677088
253.perlbmk,l,22,4,1,0.00027506322663637756
253.perlbmk,l,22,64,1,0.00027330765842896633
253.perlbmk,l,22,8,1,0.0002729982237449262
253.perlbmk,l,23,16,1,0.0002038953543050024
253.perlbmk,l,23,32,1,0.00020315439506158662
253.perlbmk,l,23,4,1,0.00021066818488934977
253.perlbmk,l,23,64,1,0.0002029196878012433
253.perlbmk,l,23,8,1,0.0002072475633821036
253.perlbmk,l,24,16,1,0.00018406206455652666
253.perlbmk,l,24,32,1,0.0001840346995844687
253.perlbmk,l,24,4,1,0.00018669436436871822
253.perlbmk,l,24,64,1,0.00018402838459091685
253.perlbmk,l,24,8,1,0.00018456305404497255
253.perlbmk,l,25,16,1,0.00018402838459091685
253.perlbmk,l,25,32,1,0.00018402838459091685
253.perlbmk,l,25,4,1,0.00018407679954148096
253.perlbmk,l,25,64,1,0.00018402838459091685
253.perlbmk,l,25,8,1,0.00018402838459091685
254.gap,2,16,16,1,0.009246522189621065
254.gap,2,16,32,1,0.009266745368592285
254.gap,2,16,4,1,0.009178761745519796
254.gap,2,16,64,1,0.009278066919617602
254.gap,2,16,8,1,0.009212813427498762
254.gap,2,17,16,1,0.00910523920867549
254.gap,2,17,32,1,0.009113445904336107
254.gap,2,17,4,1,0.009097365041360727
254.gap,2,17,64,1,0.009119324901575734
254.gap,2,17,8,1,0.009095995959811773
254.gap,2,18,16,1,0.009044309883991629
254.gap,2,18,32,1,0.009046459627790033
254.gap,2,18,4,1,0.00904653366730454
254.gap,2,18,64,1,0.009048513250113464
254.gap,2,18,8,1,0.009044113744225127
254.gap,2,19,16,1,0.009000503171241651
254.gap,2,19,32,1,0.009001505952034623
254.gap,2,19,4,1,0.008998041682119005
254.gap,2,19,64,1,0.009002185297053695
254.gap,2,19,8,1,0.008999587419351696
254.gap,2,20,16,1,0.008982611587507976
254.gap,2,20,32,1,0.00898309739063825
254.gap,2,20,4,1,0.008980968429861461
254.gap,2,20,64,1,0.008983527339397931
254.gap,2,20,8,1,0.008981706227128829
254.gap,2,21,16,1,0.008976293548936712
254.gap,2,21,32,1,0.008976658550753842
254.gap,2,21,4,1,0.0089760181739003
254.gap,2,21,64,1,0.008976765063739624
254.gap,2,21,8,1,0.00897598050467362
254.gap,2,22,16,1,0.008974578949653391
254.gap,2,22,32,1,0.008974664679617557
254.gap,2,22,4,1,0.00897461531994122
254.gap,2,22,64,1,0.008974778986236446
254.gap,2,22,8,1,0.008974541280426712
254.gap,2,23,16,1,0.008969131200112297
254.gap,2,23,32,1,0.008968068668132179
254.gap,2,23,4,1,0.008972896823841347
254.gap,2,23,64,1,0.008967493238221186
254.gap,2,23,8,1,0.00897055094027644
254.gap,2,24,16,1,0.008652323911169931
254.gap,2,24,32,1,0.008630600457825805
254.gap,2,24,4,1,0.008784197379078863
254.gap,2,24,64,1,0.00861979848234089
254.gap,2,24,8,1,0.008694857663845928
254.gap,2,25,16,1,0.005192457398257617
254.gap,2,25,32,1,0.005180505861889565
254.gap,2,25,4,1,0.005232085424723928
254.gap,2,25,64,1,0.005176988335481057
254.gap,2,25,8,1,0.005211314093557585
254.gap,l,16,16,1,0.009140537871951416
254.gap,l,16,32,1,0.009140797659721617
254.gap,l,16,4,1,0.009140519686807501
254.gap,l,16,64,1,0.009141417253553543
254.gap,l,16,8,1,0.009140359917328828
254.gap,l,17,16,1,0.009080930867017873
254.gap,l,17,32,1,0.009079295503004464
254.gap,l,17,4,1,0.009086986519941236
254.gap,l,17,64,1,0.009078525232265822
254.gap,l,17,8,1,0.009083572908640808
254.gap,l,18,16,1,0.009044357944729116
254.gap,l,18,32,1,0.009043926697030583
254.gap,l,18,4,1,0.009044959353417129
254.gap,l,18,64,1,0.009043876038415395
254.gap,l,18,8,1,0.009044057889854535
254.gap,l,19,16,1,0.008981116508890474
254.gap,l,19,32,1,0.008981094426930007
254.gap,l,19,4,1,0.00898357929695197
254.gap,l,19,64,1,0.008981068448152987
254.gap,l,19,8,1,0.00898142305845931
254.gap,l,20,16,1,0.008976826113865622
254.gap,l,20,32,1,0.008976753373289965
254.gap,l,20,4,1,0.008977466490719165
254.gap,l,20,64,1,0.008976728693451796
254.gap,l,20,8,1,0.008977063819675354
254.gap,l,21,16,1,0.008974352934293318
254.gap,l,21,32,1,0.008974347738537914
254.gap,l,21,4,1,0.008974334749149403
254.gap,l,21,64,1,0.008974338645965956
254.gap,l,21,8,1,0.00897435683110987
254.gap,l,22,16,1,0.00897422563828592
254.gap,l,22,32,1,0.00897422693722477
254.gap,l,22,4,1,0.008974217844652813
254.gap,l,22,64,1,0.008974221741469366
254.gap,l,22,8,1,0.00897422823616362
254.gap,l,23,16,1,0.008973919088717083
254.gap,l,23,32,1,0.008973920387655935
254.gap,l,23,4,1,0.008973942469616402
254.gap,l,23,64,1,0.008973921686594786
254.gap,l,23,8,1,0.008973913892961679
254.gap,l,24,16,1,0.008973533303878336
254.gap,l,24,32,1,0.008973534602817187
254.gap,l,24,4,1,0.008973581364615823
254.gap,l,24,64,1,0.008973533303878336
254.gap,l,24,8,1,0.008973543695389144
254.gap,l,25,16,1,0.0070119135203247
254.gap,l,25,32,1,0.007140957899416153
254.gap,l,25,4,1,0.006340690765886963
254.gap,l,25,64,1,0.0071986957313431065
254.gap,l,25,8,1,0.006767297355904365
255.vortex,2,16,16,1,0.008735778389978485
255.vortex,2,16,32,1,0.008705687469998051
255.vortex,2,16,4,1,0.008780410302260698
255.vortex,2,16,64,1,0.008702079178211301
255.vortex,2,16,8,1,0.008779537431960097
255.vortex,2,17,16,1,0.005561241528253003
255.vortex,2,17,32,1,0.005529366358687517
255.vortex,2,17,4,1,0.005704293417826391
255.vortex,2,17,64,1,0.005530929823431829
255.vortex,2,17,8,1,0.005533269886017118
255.vortex,2,18,16,1,0.0032998065861897107
255.vortex,2,18,32,1,0.003307792065807417
255.vortex,2,18,4,1,0.0035395378469842524
255.vortex,2,18,64,1,0.003295171388166959
255.vortex,2,18,8,1,0.0033241121731630704
255.vortex,2,19,16,1,0.0023863093076266595
255.vortex,2,19,32,1,0.0023892231540713136
255.vortex,2,19,4,1,0.002437826626221263
255.vortex,2,19,64,1,0.002393059932495574
255.vortex,2,19,8,1,0.002406820476057994
255.vortex,2,20,16,1,0.0018613304507596065
255.vortex,2,20,32,1,0.0018611764148242064
255.vortex,2,20,4,1,0.001877065221560739
255.vortex,2,20,64,1,0.001862275204496728
255.vortex,2,20,8,1,0.0018627334614045436
255.vortex,2,21,16,1,0.001358983323701231
255.vortex,2,21,32,1,0.0013587933460475707
255.vortex,2,21,4,1,0.0013838216182845164
255.vortex,2,21,64,1,0.0013580000609802595
255.vortex,2,21,8,1,0.0013641217057796234
255.vortex,2,22,16,1,0.0008771062888247495
255.vortex,2,22,32,1,0.0008713581811687313
255.vortex,2,22,4,1,0.0009114216443335334
255.vortex,2,22,64,1,0.0008723799528735528
255.vortex,2,22,8,1,0.0008875358052841393
255.vortex,2,23,16,1,0.0005288451588455984
255.vortex,2,23,32,1,0.0005227530376005197
255.vortex,2,23,4,1,0.0005743717631859283
255.vortex,2,23,64,1,0.0005205336364979615
255.vortex,2,23,8,1,0.0005417251303106468
255.vortex,2,24,16,1,0.0003500466631969987
255.vortex,2,24,32,1,0.0003431535550878388
255.vortex,2,24,4,1,0.00039572216894154873
255.vortex,2,24,64,1,0.0003389624940121579
255.vortex,2,24,8,1,0.00036913043196029084
255.vortex,2,25,16,1,0.0003335211745941451
255.vortex,2,25,32,1,0.00033346854564955
255.vortex,2,25,4,1,0.00034103171007770084
255.vortex,2,25,64,1,0.00033346854564955
255.vortex,2,25,8,1,0.0003347547457101419
255.vortex,l,16,16,1,0.008829944408187023
255.vortex,l,16,32,1,0.008820007806720915
255.vortex,l,16,4,1,0.008801515792676119
255.vortex,l,16,64,1,0.008822527577897503
255.vortex,l,16,8,1,0.00885851935783656
255.vortex,l,17,16,1,0.005246720686290474
255.vortex,l,17,32,1,0.005189767182809038
255.vortex,l,17,4,1,0.005547004756923637
255.vortex,l,17,64,1,0.005171479266378647
255.vortex,l,17,8,1,0.005258984514013922
255.vortex,l,18,16,1,0.0027910002189068858
255.vortex,l,18,32,1,0.002765960393974785
255.vortex,l,18,4,1,0.003275282781641201
255.vortex,l,18,64,1,0.0027404071159246837
255.vortex,l,18,8,1,0.0028819802605182304
255.vortex,l,19,16,1,0.002184641610102307
255.vortex,l,19,32,1,0.0021786046850674136
255.vortex,l,19,4,1,0.002305205536740059
255.vortex,l,19,64,1,0.0021744675365691227
255.vortex,l,19,8,1,0.002221947830023445
255.vortex,l,20,16,1,0.0017775605745577873
255.vortex,l,20,32,1,0.0017724979268143
255.vortex,l,20,4,1,0.001817437910967314
255.vortex,l,20,64,1,0.001770436412545527
255.vortex,l,20,8,1,0.0017877551862156918
255.vortex,l,21,16,1,0.0012872757448740438
255.vortex,l,21,32,1,0.0012807805629313346
255.vortex,l,21,4,1,0.0013390690445195725
255.vortex,l,21,64,1,0.0012775278374288
255.vortex,l,21,8,1,0.0013043698828050833
255.vortex,l,22,16,1,0.0007971321147977506
255.vortex,l,22,32,1,0.000784059598413452
255.vortex,l,22,4,1,0.0008701451481774546
255.vortex,l,22,64,1,0.0007801265475295663
255.vortex,l,22,8,1,0.0008206585366645441
255.vortex,l,23,16,1,0.0004905479744067189
255.vortex,l,23,32,1,0.00048299251177533805
255.vortex,l,23,4,1,0.0005501598814066038
255.vortex,l,23,64,1,0.0004797859970534235
255.vortex,l,23,8,1,0.0005074983454647179
255.vortex,l,24,16,1,0.0003443178100329055
255.vortex,l,24,32,1,0.0003388675051853277
255.vortex,l,24,4,1,0.0003878419472130325
255.vortex,l,24,64,1,0.00033599858588849864
255.vortex,l,24,8,1,0.0003613926934720198
255.vortex,l,25,16,1,0.0003334929346726551
255.vortex,l,25,32,1,0.00033346854564955
255.vortex,l,25,4,1,0.00033984563337511914
255.vortex,l,25,64,1,0.00033346854564955
255.vortex,l,25,8,1,0.00033437992493400134
300.twolf,2,16,16,1,0.05927912846297336
300.twolf,2,16,32,1,0.05913809697333834
300.twolf,2,16,4,1,0.05958804397606476
300.twolf,2,16,64,1,0.05907813070882467
300.twolf,2,16,8,1,0.05971978216453582
300.twolf,2,17,16,1,0.05269680432057496
300.twolf,2,17,32,1,0.052552752849002925
300.twolf,2,17,4,1,0.052341410179307796
300.twolf,2,17,64,1,0.052491954687809164
300.twolf,2,17,8,1,0.05261256000759417
300.twolf,2,18,16,1,0.04273284138772113
300.twolf,2,18,32,1,0.04277365129917517
300.twolf,2,18,4,1,0.04254096419116348
300.twolf,2,18,64,1,0.0427459865675022
300.twolf,2,18,8,1,0.04256702574125623
300.twolf,2,19,16,1,0.029121129705630012
300.twolf,2,19,32,1,0.02917461354027585
300.twolf,2,19,4,1,0.029261220197380988
300.twolf,2,19,64,1,0.029199281019429285
300.twolf,2,19,8,1,0.029140087555110238
300.twolf,2,20,16,1,0.011691375932591409
300.twolf,2,20,32,1,0.011676124493456369
300.twolf,2,20,4,1,0.011902754969354517
300.twolf,2,20,64,1,0.011662541393565012
300.twolf,2,20,8,1,0.011744396087120475
300.twolf,2,21,16,1,0.00003850969440416379
300.twolf,2,21,32,1,0.00003850969440416379
300.twolf,2,21,4,1,0.000038520301465658606
300.twolf,2,21,64,1,0.00003850969440416379
300.twolf,2,21,8,1,0.00003851424028766157
300.twolf,2,22,16,1,0.00003850969440416379
300.twolf,2,22,32,1,0.00003850969440416379
300.twolf,2,22,4,1,0.00003850969440416379
300.twolf,2,22,64,1,0.00003850969440416379
300.twolf,2,22,8,1,0.00003850969440416379
300.twolf,2,23,16,1,0.00003850969440416379
300.twolf,2,23,32,1,0.00003850969440416379
300.twolf,2,23,4,1,0.00003850969440416379
300.twolf,2,23,64,1,0.00003850969440416379
300.twolf,2,23,8,1,0.00003850969440416379
300.twolf,2,24,16,1,0.00003850969440416379
300.twolf,2,24,32,1,0.00003850969440416379
300.twolf,2,24,4,1,0.00003850969440416379
300.twolf,2,24,64,1,0.00003850969440416379
300.twolf,2,24,8,1,0.00003850969440416379
300.twolf,2,25,16,1,0.00003850969440416379
300.twolf,2,25,32,1,0.00003850969440416379
300.twolf,2,25,4,1,0.00003850969440416379
300.twolf,2,25,64,1,0.00003850969440416379
300.twolf,2,25,8,1,0.00003850969440416379
300.twolf,l,16,16,1,0.058596332215723836
300.twolf,l,16,32,1,0.05843112117176415
300.twolf,l,16,4,1,0.05889485735443382
300.twolf,l,16,64,1,0.05835858250879013
300.twolf,l,16,8,1,0.05899777161093998
300.twolf,l,17,16,1,0.052113146215939446
300.twolf,l,17,32,1,0.051910502851964566
300.twolf,l,17,4,1,0.051951443078745545
300.twolf,l,17,64,1,0.05180978577248233
300.twolf,l,17,8,1,0.052031744595439265
300.twolf,l,18,16,1,0.04165819755943577
300.twolf,l,18,32,1,0.04165887489607693
300.twolf,l,18,4,1,0.04198262665761058
300.twolf,l,18,64,1,0.04158945925506589
300.twolf,l,18,8,1,0.04167957230364231
300.twolf,l,19,16,1,0.027604912392021137
300.twolf,l,19,32,1,0.02749317912152929
300.twolf,l,19,4,1,0.028497949689864827
300.twolf,l,19,64,1,0.027454936118956996
300.twolf,l,19,8,1,0.027900544833532034
300.twolf,l,20,16,1,0.010628998413277548
300.twolf,l,20,32,1,0.010524743121139542
300.twolf,l,20,4,1,0.011374159636233068
300.twolf,l,20,64,1,0.0104667694688924
300.twolf,l,20,8,1,0.010839660715742508
300.twolf,l,21,16,1,0.00003850969440416379
300.twolf,l,21,32,1,0.00003850969440416379
300.twolf,l,21,4,1,0.00003851575558216083
300.twolf,l,21,64,1,0.00003850969440416379
300.twolf,l,21,8,1,0.000038512724993162306
300.twolf,l,22,16,1,0.00003850969440416379
300.twolf,l,22,32,1,0.00003850969440416379
300.twolf,l,22,4,1,0.00003850969440416379
300.twolf,l,22,64,1,0.00003850969440416379
300.twolf,l,22,8,1,0.00003850969440416379
300.twolf,l,23,16,1,0.00003850969440416379
300.twolf,l,23,32,1,0.00003850969440416379
300.twolf,l,23,4,1,0.00003850969440416379
300.twolf,l,23,64,1,0.00003850969440416379
300.twolf,l,23,8,1,0.00003850969440416379
300.twolf,l,24,16,1,0.00003850969440416379
300.twolf,l,24,32,1,0.00003850969440416379
300.twolf,l,24,4,1,0.00003850969440416379
300.twolf,l,24,64,1,0.00003850969440416379
300.twolf,l,24,8,1,0.00003850969440416379
300.twolf,l,25,16,1,0.00003850969440416379
300.twolf,l,25,32,1,0.00003850969440416379
300.twolf,l,25,4,1,0.00003850969440416379
300.twolf,l,25,64,1,0.00003850969440416379
300.twolf,l,25,8,1,0.00003850969440416379
301.apsi,2,16,16,1,0.02644080358494346
301.apsi,2,16,32,1,0.026482000103471324
301.apsi,2,16,4,1,0.02634573809974925
301.apsi,2,16,64,1,0.026307828023966858
301.apsi,2,16,8,1,0.026379714098414057
301.apsi,2,17,16,1,0.025258956670734328
301.apsi,2,17,32,1,0.02525127891832284
301.apsi,2,17,4,1,0.02522726415309585
301.apsi,2,17,64,1,0.025258503460759637
301.apsi,2,17,8,1,0.02523479441113688
301.apsi,2,18,16,1,0.02210302901197104
301.apsi,2,18,32,1,0.022161737134846444
301.apsi,2,18,4,1,0.021708816785464352
301.apsi,2,18,64,1,0.022175283822344394
301.apsi,2,18,8,1,0.02194880487564256
301.apsi,2,19,16,1,0.015146158017830987
301.apsi,2,19,32,1,0.015155133720702537
301.apsi,2,19,4,1,0.015212824132421754
301.apsi,2,19,64,1,0.015162992488932317
301.apsi,2,19,8,1,0.015164846895426395
301.apsi,2,20,16,1,0.008539440000024887
301.apsi,2,20,32,1,0.00858253785507379
301.apsi,2,20,4,1,0.008392280844041523
301.apsi,2,20,64,1,0.008608618882345157
301.apsi,2,20,8,1,0.008486744284032666
301.apsi,2,21,16,1,0.008310967197605997
301.apsi,2,21,32,1,0.008323246774375887
301.apsi,2,21,4,1,0.008284485253818558
301.apsi,2,21,64,1,0.008332738707544054
301.apsi,2,21,8,1,0.008292263570573541
301.apsi,2,22,16,1,0.008224782214371493
301.apsi,2,22,32,1,0.008229203022911604
301.apsi,2,22,4,1,0.008218238827754647
301.apsi,2,22,64,1,0.00823354069826109
301.apsi,2,22,8,1,0.008223299225519396
301.apsi,2,23,16,1,0.008093048287822596
301.apsi,2,23,32,1,0.008093059014685901
301.apsi,2,23,4,1,0.008098114049018997
301.apsi,2,23,64,1,0.00809451786809556
301.apsi,2,23,8,1,0.008090979344062391
301.apsi,2,24,16,1,0.007680062709671963
301.apsi,2,24,32,1,0.007677244226338232
301.apsi,2,24,4,1,0.007714725227588372
301.apsi,2,24,64,1,0.007675369706975455
301.apsi,2,24,8,1,0.0076872845703929325
301.apsi,2,25,16,1,0.006750710067398276
301.apsi,2,25,32,1,0.006750067796457811
301.apsi,2,25,4,1,0.006701564943160443
301.apsi,2,25,64,1,0.006751970473836767
301.apsi,2,25,8,1,0.006759794379760803
301.apsi,l,16,16,1,0.026183472838514785
301.apsi,l,16,32,1,0.02618889794963195
301.apsi,l,16,4,1,0.02623484110517285
301.apsi,l,16,64,1,0.026503561098716995
301.apsi,l,16,8,1,0.026189443678802656
301.apsi,l,17,16,1,0.02562190143156105
301.apsi,l,17,32,1,0.025609533358168884
301.apsi,l,17,4,1,0.02543586678209773
301.apsi,l,17,64,1,0.02560928395859701
301.apsi,l,17,8,1,0.025556920775367285
301.apsi,l,18,16,1,0.021048239111909256
301.apsi,l,18,32,1,0.02095039000568706
301.apsi,l,18,4,1,0.02136340240099596
301.apsi,l,18,64,1,0.02094538994652841
301.apsi,l,18,8,1,0.021298050327160215
301.apsi,l,19,16,1,0.018363079962211835
301.apsi,l,19,32,1,0.018356905311521142
301.apsi,l,19,4,1,0.017504241696740055
301.apsi,l,19,64,1,0.018355906372375743
301.apsi,l,19,8,1,0.018409414648263418
301.apsi,l,20,16,1,0.00828295265322367
301.apsi,l,20,32,1,0.00828291242748627
301.apsi,l,20,4,1,0.008287539728145027
301.apsi,l,20,64,1,0.008282953994081582
301.apsi,l,20,8,1,0.008282913768344183
301.apsi,l,21,16,1,0.00828053508640601
301.apsi,l,21,32,1,0.008281011090965228
301.apsi,l,21,4,1,0.008278700792780633
301.apsi,l,21,64,1,0.00828097891037531
301.apsi,l,21,8,1,0.008279765433963783
301.apsi,l,22,16,1,0.008235250292100533
301.apsi,l,22,32,1,0.008236449019075012
301.apsi,l,22,4,1,0.008223736345199129
301.apsi,l,22,64,1,0.008246741444417411
301.apsi,l,22,8,1,0.008233729759226864
301.apsi,l,23,16,1,0.00810019103792668
301.apsi,l,23,32,1,0.00809754016183211
301.apsi,l,23,4,1,0.00809546853635608
301.apsi,l,23,64,1,0.008096541222686712
301.apsi,l,23,8,1,0.008093337913131866
301.apsi,l,24,16,1,0.007804416554266123
301.apsi,l,24,32,1,0.007822349187998437
301.apsi,l,24,4,1,0.007756566698772526
301.apsi,l,24,64,1,0.007817067548677996
301.apsi,l,24,8,1,0.007754540662465548
301.apsi,l,25,16,1,0.00700080956710059
301.apsi,l,25,32,1,0.0070923177562508466
301.apsi,l,25,4,1,0.006775856516704081
301.apsi,l,25,64,1,0.007114858918631132
301.apsi,l,25,8,1,0.006977403551366234
