name,policy,size,level,miss
164.gzip,2,16,1,0.022637832220929622
164.gzip,2,17,1,0.009775595641491363
164.gzip,2,18,1,0.0013039401274198082
164.gzip,2,19,1,0.0004282525807771967
164.gzip,2,20,1,0.0003579903151841885
164.gzip,2,21,1,0.00034273156465159646
164.gzip,2,22,1,0.0003400163909949462
164.gzip,2,23,1,0.0003399561224846393
164.gzip,2,24,1,0.0003399561224846393
164.gzip,2,25,1,0.0003399561224846393
164.gzip,f,16,1,0.023138471918624753
164.gzip,f,17,1,0.01008982792749985
164.gzip,f,18,1,0.0017113552570949722
164.gzip,f,19,1,0.0006098972348031707
164.gzip,f,20,1,0.0004410990455510915
164.gzip,f,21,1,0.0003813791332225499
164.gzip,f,22,1,0.0003590581495591147
164.gzip,f,23,1,0.00034633531249867003
164.gzip,f,24,1,0.0003399561224846393
164.gzip,f,25,1,0.0003399561224846393
164.gzip,l,16,1,0.022261305475459993
164.gzip,l,17,1,0.009359483302174978
164.gzip,l,18,1,0.0008955220679192793
164.gzip,l,19,1,0.0003401137478192883
164.gzip,l,20,1,0.0003400102096092737
164.gzip,l,21,1,0.00033997312129523864
164.gzip,l,22,1,0.0003399561224846393
164.gzip,l,23,1,0.0003399561224846393
164.gzip,l,24,1,0.0003399561224846393
164.gzip,l,25,1,0.0003399561224846393
164.gzip,r,16,1,0.023584308996293823
164.gzip,r,17,1,0.010553995904380751
164.gzip,r,18,1,0.0017325682273766098
164.gzip,r,19,1,0.0006050000320041244
164.gzip,r,20,1,0.00043824015467755544
164.gzip,r,21,1,0.0003795247175207968
164.gzip,r,22,1,0.00035552085160802055
164.gzip,r,23,1,0.000344675610445601
164.gzip,r,24,1,0.0003399561224846393
164.gzip,r,25,1,0.0003399561224846393
168.wupwise,2,16,1,0.013833427038585328
168.wupwise,2,17,1,0.013610455844711085
168.wupwise,2,18,1,0.01289362487808617
168.wupwise,2,19,1,0.012328622193536962
168.wupwise,2,20,1,0.012088951293599508
168.wupwise,2,21,1,0.012004072021702944
168.wupwise,2,22,1,0.011529009713276398
168.wupwise,2,23,1,0.01066805354918283
168.wupwise,2,24,1,0.010216476766844404
168.wupwise,2,25,1,0.009329162165233794
168.wupwise,f,16,1,0.01401272158124735
168.wupwise,f,17,1,0.013838444540445728
168.wupwise,f,18,1,0.012920196482724413
168.wupwise,f,19,1,0.012102044922529061
168.wupwise,f,20,1,0.012062702669447933
168.wupwise,f,21,1,0.012053546172650873
168.wupwise,f,22,1,0.011769270052602024
168.wupwise,f,23,1,0.010425727749644956
168.wupwise,f,24,1,0.010379927501732887
168.wupwise,f,25,1,0.009562544635095807
168.wupwise,l,16,1,0.0136677994152167
168.wupwise,l,17,1,0.013666182897880921
168.wupwise,l,18,1,0.012735141583082654
168.wupwise,l,19,1,0.012055668154448286
168.wupwise,l,20,1,0.012044415514292745
168.wupwise,l,21,1,0.012044415514292745
168.wupwise,l,22,1,0.011795021286804127
168.wupwise,l,23,1,0.010387903504851173
168.wupwise,l,24,1,0.010379081292857814
168.wupwise,l,25,1,0.009279967392406835
168.wupwise,r,16,1,0.014886845659782407
168.wupwise,r,17,1,0.014150333877202327
168.wupwise,r,18,1,0.013491067722716394
168.wupwise,r,19,1,0.01285938571669441
168.wupwise,r,20,1,0.012376583180904847
168.wupwise,r,21,1,0.012021647004885028
168.wupwise,r,22,1,0.011568119420407124
168.wupwise,r,23,1,0.010945619749621134
168.wupwise,r,24,1,0.010330069004005824
168.wupwise,r,25,1,0.009307847068016087
171.swim,2,16,1,0.08531403865635653
171.swim,2,17,1,0.07763273729521539
171.swim,2,18,1,0.07234192688246321
171.swim,2,19,1,0.07016131725220524
171.swim,2,20,1,0.06981494315083643
171.swim,2,21,1,0.06980793072224571
171.swim,2,22,1,0.06979435022902876
171.swim,2,23,1,0.0697288871993657
171.swim,2,24,1,0.06917083910606382
171.swim,2,25,1,0.06719837290473317
171.swim,f,16,1,0.08680415690497066
171.swim,f,17,1,0.0702059210460408
171.swim,f,18,1,0.06984365028037974
171.swim,f,19,1,0.06982996630514365
171.swim,f,20,1,0.0698214351257427
171.swim,f,21,1,0.06981086778543584
171.swim,f,22,1,0.0697966420513937
171.swim,f,23,1,0.06976964998413811
171.swim,f,24,1,0.06924012640505166
171.swim,f,25,1,0.06673812445027935
171.swim,l,16,1,0.08676395261874269
171.swim,l,17,1,0.07932949239630178
171.swim,l,18,1,0.06982124946682601
171.swim,l,19,1,0.06981819979085035
171.swim,l,20,1,0.06981534490455778
171.swim,l,21,1,0.06980782876202098
171.swim,l,22,1,0.06979512786596667
171.swim,l,23,1,0.06976892713179857
171.swim,l,24,1,0.06937663440623344
171.swim,l,25,1,0.06728104438546047
171.swim,r,16,1,0.08438076323988025
171.swim,r,17,1,0.07883498226274821
171.swim,r,18,1,0.0755653993874604
171.swim,r,19,1,0.07232983013878531
171.swim,r,20,1,0.07013009611831474
171.swim,r,21,1,0.06981127562633477
171.swim,r,22,1,0.06978486792812841
171.swim,r,23,1,0.06961889798738141
171.swim,r,24,1,0.06891204883774239
171.swim,r,25,1,0.06646074394157937
172.mgrid,2,16,1,0.034621861342312855
172.mgrid,2,17,1,0.03405600983994321
172.mgrid,2,18,1,0.033295375317423194
172.mgrid,2,19,1,0.02974004884461673
172.mgrid,2,20,1,0.024112496229471952
172.mgrid,2,21,1,0.021782221190645233
172.mgrid,2,22,1,0.02062841884744414
172.mgrid,2,23,1,0.02001602970711122
172.mgrid,2,24,1,0.018905565402000453
172.mgrid,2,25,1,0.01353302817166703
172.mgrid,f,16,1,0.034638018566724896
172.mgrid,f,17,1,0.03407111700262088
172.mgrid,f,18,1,0.03357839372111399
172.mgrid,f,19,1,0.030664429856730607
172.mgrid,f,20,1,0.021624724284157987
172.mgrid,f,21,1,0.021405792589376672
172.mgrid,f,22,1,0.02054425468364766
172.mgrid,f,23,1,0.020002693236769932
172.mgrid,f,24,1,0.019197352164330626
172.mgrid,f,25,1,0.01405823748071275
172.mgrid,l,16,1,0.034483682826478484
172.mgrid,l,17,1,0.03433105738286086
172.mgrid,l,18,1,0.03354278907885558
172.mgrid,l,19,1,0.03269371465096713
172.mgrid,l,20,1,0.021595496879569978
172.mgrid,l,21,1,0.021450807980982544
172.mgrid,l,22,1,0.020675188459829776
172.mgrid,l,23,1,0.020003883306735543
172.mgrid,l,24,1,0.019325639510416198
172.mgrid,l,25,1,0.016236368868952907
172.mgrid,r,16,1,0.037514968098129355
172.mgrid,r,17,1,0.034615571952944416
172.mgrid,r,18,1,0.03318950850515346
172.mgrid,r,19,1,0.029950893005098858
172.mgrid,r,20,1,0.02576970503127609
172.mgrid,r,21,1,0.0232013103068384
172.mgrid,r,22,1,0.02137317067149574
172.mgrid,r,23,1,0.02065601694055674
172.mgrid,r,24,1,0.018878729118381413
172.mgrid,r,25,1,0.012532529351164315
173.applu,2,16,1,0.05586930812040718
173.applu,2,17,1,0.0552764170641247
173.applu,2,18,1,0.05511719380974352
173.applu,2,19,1,0.0550723227773729
173.applu,2,20,1,0.05500406404621775
173.applu,2,21,1,0.05440013552483649
173.applu,2,22,1,0.05325076539840316
173.applu,2,23,1,0.05100387754145945
173.applu,2,24,1,0.04175730103448285
173.applu,2,25,1,0.0390493670174099
173.applu,f,16,1,0.05568639875125159
173.applu,f,17,1,0.05538882958220115
173.applu,f,18,1,0.05523845933551926
173.applu,f,19,1,0.055143691317264536
173.applu,f,20,1,0.05507135946961615
173.applu,f,21,1,0.05474912517192982
173.applu,f,22,1,0.05276624908243954
173.applu,f,23,1,0.05145902736810476
173.applu,f,24,1,0.04160239041469203
173.applu,f,25,1,0.03862251435611922
173.applu,l,16,1,0.05510165392795557
173.applu,l,17,1,0.05509798000829089
173.applu,l,18,1,0.055089892673197166
173.applu,l,19,1,0.0550676044017437
173.applu,l,20,1,0.05503407972119821
173.applu,l,21,1,0.054702904723394515
173.applu,l,22,1,0.052764563293865224
173.applu,l,23,1,0.05163513337622828
173.applu,l,24,1,0.04067460332262698
173.applu,l,25,1,0.038550208685312046
173.applu,r,16,1,0.05736986282206981
173.applu,r,17,1,0.05618912106028102
173.applu,r,18,1,0.055629218059299095
173.applu,r,19,1,0.05534183299032379
173.applu,r,20,1,0.05504604384647604
173.applu,r,21,1,0.05441940953302392
173.applu,r,22,1,0.05334308980853036
173.applu,r,23,1,0.05028205245376697
173.applu,r,24,1,0.043029613313371816
173.applu,r,25,1,0.03950937395694286
176.gcc,2,16,1,0.02713328794790671
176.gcc,2,17,1,0.025909436468004428
176.gcc,2,18,1,0.024102218983969314
176.gcc,2,19,1,0.006240208492336531
176.gcc,2,20,1,0.0023990043767638035
176.gcc,2,21,1,0.0021558434232159204
176.gcc,2,22,1,0.0014133766403473874
176.gcc,2,23,1,0.0006162906519560271
176.gcc,2,24,1,0.0003344820700136433
176.gcc,2,25,1,0.00030934317027696924
176.gcc,f,16,1,0.027483206234921474
176.gcc,f,17,1,0.026098183533354254
176.gcc,f,18,1,0.02529745747986859
176.gcc,f,19,1,0.01139795622510486
176.gcc,f,20,1,0.0025191658613726224
176.gcc,f,21,1,0.00230815817653992
176.gcc,f,22,1,0.0016377510586787292
176.gcc,f,23,1,0.0006670779070342975
176.gcc,f,24,1,0.00034583400733462374
176.gcc,f,25,1,0.0003094966785571718
176.gcc,l,16,1,0.026987061716746245
176.gcc,l,17,1,0.02584143517815494
176.gcc,l,18,1,0.025158055651189882
176.gcc,l,19,1,0.011222361941088142
176.gcc,l,20,1,0.002318044109784966
176.gcc,l,21,1,0.002233770942234006
176.gcc,l,22,1,0.001621789075817915
176.gcc,l,23,1,0.0006070753580101162
176.gcc,l,24,1,0.0003199745781077488
176.gcc,l,25,1,0.00030918582428976157
176.gcc,r,16,1,0.027685086893069383
176.gcc,r,17,1,0.025968872955245362
176.gcc,r,18,1,0.021787387994374338
176.gcc,r,19,1,0.005746475013587234
176.gcc,r,20,1,0.002554132169322515
176.gcc,r,21,1,0.002119168376222023
176.gcc,r,22,1,0.0013767869823343526
176.gcc,r,23,1,0.0006722904725739261
176.gcc,r,24,1,0.0003517814937657222
176.gcc,r,25,1,0.00030960221549981105
177.mesa,2,16,1,0.003231218501219987
177.mesa,2,17,1,0.002057627851250078
177.mesa,2,18,1,0.0016307789991289877
177.mesa,2,19,1,0.0015689226982425876
177.mesa,2,20,1,0.001541957014949898
177.mesa,2,21,1,0.001473222419890279
177.mesa,2,22,1,0.0012515137261515027
177.mesa,2,23,1,0.0002916506489458219
177.mesa,2,24,1,0.00017257540773927445
177.mesa,2,25,1,0.00017257540773927445
177.mesa,f,16,1,0.00353718107191339
177.mesa,f,17,1,0.002091991882112822
177.mesa,f,18,1,0.0016474951878368124
177.mesa,f,19,1,0.0015914261143237381
177.mesa,f,20,1,0.0015592821103987409
177.mesa,f,21,1,0.0014922265822108138
177.mesa,f,22,1,0.0012488677258284085
177.mesa,f,23,1,0.00048047445866913457
177.mesa,f,24,1,0.00017257540773927445
177.mesa,f,25,1,0.00017257540773927445
177.mesa,l,16,1,0.0033076219238826875
177.mesa,l,17,1,0.001978404641576396
177.mesa,l,18,1,0.001568251071493911
177.mesa,l,19,1,0.0015556678699574181
177.mesa,l,20,1,0.0015461670954639768
177.mesa,l,21,1,0.0014874585549619393
177.mesa,l,22,1,0.0012792594895394455
177.mesa,l,23,1,0.0004437910941898512
177.mesa,l,24,1,0.00017257540773927445
177.mesa,l,25,1,0.00017257540773927445
177.mesa,r,16,1,0.003353965476208211
177.mesa,r,17,1,0.0022555931020896217
177.mesa,r,18,1,0.001780317870722014
177.mesa,r,19,1,0.001641251933741136
177.mesa,r,20,1,0.0015681935781535572
177.mesa,r,21,1,0.0014667648724351026
177.mesa,r,22,1,0.0011692472894395557
177.mesa,r,23,1,0.00026237869870485495
177.mesa,r,24,1,0.00017257540773927445
177.mesa,r,25,1,0.00017257540773927445
178.galgel,2,16,1,0.030056034325575458
178.galgel,2,17,1,0.02920274550630916
178.galgel,2,18,1,0.028582483109237583
178.galgel,2,19,1,0.025421119425596692
178.galgel,2,20,1,0.008079406449939888
178.galgel,2,21,1,0.00020770246799454463
178.galgel,2,22,1,0.00016513156814435196
178.galgel,2,23,1,0.00015353949781740956
178.galgel,2,24,1,0.0001518758715438764
178.galgel,2,25,1,0.0001518758715438764
178.galgel,f,16,1,0.03139048554467982
178.galgel,f,17,1,0.030135596373644654
178.galgel,f,18,1,0.02917674907389936
178.galgel,f,19,1,0.026133422885297637
178.galgel,f,20,1,0.013128407986282394
178.galgel,f,21,1,0.00023339719396435127
178.galgel,f,22,1,0.00018127346852017784
178.galgel,f,23,1,0.00016257736262023837
178.galgel,f,24,1,0.0001518758715438764
178.galgel,f,25,1,0.0001518758715438764
178.galgel,l,16,1,0.029316653621639516
178.galgel,l,17,1,0.029105631171132604
178.galgel,l,18,1,0.028747678896021773
178.galgel,l,19,1,0.026527898603061862
178.galgel,l,20,1,0.011017223836633054
178.galgel,l,21,1,0.00017505516550796207
178.galgel,l,22,1,0.0001639089906425348
178.galgel,l,23,1,0.000151898893320422
178.galgel,l,24,1,0.0001518758715438764
178.galgel,l,25,1,0.0001518758715438764
178.galgel,r,16,1,0.033961091055401016
178.galgel,r,17,1,0.030753624446718857
178.galgel,r,18,1,0.028721630361696632
178.galgel,r,19,1,0.02371220810592584
178.galgel,r,20,1,0.00725778469014831
178.galgel,r,21,1,0.00026961893017775313
178.galgel,r,22,1,0.00017319161328021698
178.galgel,r,23,1,0.0001550516650347216
178.galgel,r,24,1,0.0001518758715438764
178.galgel,r,25,1,0.0001518758715438764
179.art,2,16,1,0.3272960103195313
179.art,2,17,1,0.3272647544119743
179.art,2,18,1,0.32606700253730564
179.art,2,19,1,0.2953820142447458
179.art,2,20,1,0.17492567512232798
179.art,2,21,1,0.038776873134741804
179.art,2,22,1,0.00007038367331359418
179.art,2,23,1,0.00007038367331359418
179.art,2,24,1,0.00007038367331359418
179.art,2,25,1,0.00007038367331359418
179.art,f,16,1,0.32752612296365347
179.art,f,17,1,0.3273915862836429
179.art,f,18,1,0.32732432673573536
179.art,f,19,1,0.3272891964437629
179.art,f,20,1,0.18039281398872928
179.art,f,21,1,0.060104503577410796
179.art,f,22,1,0.00007038367331359418
179.art,f,23,1,0.00007038367331359418
179.art,f,24,1,0.00007038367331359418
179.art,f,25,1,0.00007038367331359418
179.art,l,16,1,0.32725891792440753
179.art,l,17,1,0.32725891792440753
179.art,l,18,1,0.32725891792440753
179.art,l,19,1,0.32725891792440753
179.art,l,20,1,0.2337866375799064
179.art,l,21,1,0.041842569189765054
179.art,l,22,1,0.00007038367331359418
179.art,l,23,1,0.00007038367331359418
179.art,l,24,1,0.00007038367331359418
179.art,l,25,1,0.00007038367331359418
179.art,r,16,1,0.3295453762158563
179.art,r,17,1,0.32805597727015307
179.art,r,18,1,0.3204214192546519
179.art,r,19,1,0.2736738383651837
179.art,r,20,1,0.16179692788629974
179.art,r,21,1,0.045742003757062666
179.art,r,22,1,0.00007038367331359418
179.art,r,23,1,0.00007038367331359418
179.art,r,24,1,0.00007038367331359418
179.art,r,25,1,0.00007038367331359418
181.mcf,2,16,1,0.29689374301802446
181.mcf,2,17,1,0.2838211184596186
181.mcf,2,18,1,0.2716094960677735
181.mcf,2,19,1,0.25930544236543623
181.mcf,2,20,1,0.24313865648337865
181.mcf,2,21,1,0.1833161038237088
181.mcf,2,22,1,0.11870745514191193
181.mcf,2,23,1,0.0507225035148617
181.mcf,2,24,1,0.039086980775473665
181.mcf,2,25,1,0.036748287588682135
181.mcf,f,16,1,0.299176886573703
181.mcf,f,17,1,0.28697288329721743
181.mcf,f,18,1,0.2750669918979602
181.mcf,f,19,1,0.26272609733058205
181.mcf,f,20,1,0.24910429873371923
181.mcf,f,21,1,0.2105335903736102
181.mcf,f,22,1,0.13382638686657683
181.mcf,f,23,1,0.06151882816051948
181.mcf,f,24,1,0.04324596317195593
181.mcf,f,25,1,0.03927207116679795
181.mcf,l,16,1,0.29617202043944674
181.mcf,l,17,1,0.28096273498577184
181.mcf,l,18,1,0.26929587736724825
181.mcf,l,19,1,0.25737864221510726
181.mcf,l,20,1,0.2436671982154939
181.mcf,l,21,1,0.20564509775947096
181.mcf,l,22,1,0.1243643593045409
181.mcf,l,23,1,0.04803205787749138
181.mcf,l,24,1,0.03745762499045192
181.mcf,l,25,1,0.03632478616443222
181.mcf,r,16,1,0.29859222249314604
181.mcf,r,17,1,0.2876263182213361
181.mcf,r,18,1,0.27594595500658675
181.mcf,r,19,1,0.2627830241164671
181.mcf,r,20,1,0.2401020104620394
181.mcf,r,21,1,0.17842260026209097
181.mcf,r,22,1,0.11619859117935766
181.mcf,r,23,1,0.05778830810528641
181.mcf,r,24,1,0.04333186287171736
181.mcf,r,25,1,0.038987582062444286
183.equake,2,16,1,0.06688289822851948
183.equake,2,17,1,0.06227829297611866
183.equake,2,18,1,0.06164257899986532
183.equake,2,19,1,0.061008353575961745
183.equake,2,20,1,0.06066793686100408
183.equake,2,21,1,0.05941538943565406
183.equake,2,22,1,0.0562317655806003
183.equake,2,23,1,0.05131579202967798
183.equake,2,24,1,0.04658945405394467
183.equake,2,25,1,0.024671686236874945
183.equake,f,16,1,0.0694938545710107
183.equake,f,17,1,0.062117074209396377
183.equake,f,18,1,0.06131287297963013
183.equake,f,19,1,0.06091473129237969
183.equake,f,20,1,0.06088377806175099
183.equake,f,21,1,0.05969462676003971
183.equake,f,22,1,0.05649052837247936
183.equake,f,23,1,0.051559763650743794
183.equake,f,24,1,0.04841062625684019
183.equake,f,25,1,0.04661040812009414
183.equake,l,16,1,0.06977846555827867
183.equake,l,17,1,0.06169862671443961
183.equake,l,18,1,0.06106147746735239
183.equake,l,19,1,0.06088864888032724
183.equake,l,20,1,0.06087447599710446
183.equake,l,21,1,0.05963983893130955
183.equake,l,22,1,0.05613912012480929
183.equake,l,23,1,0.05067199369342218
183.equake,l,24,1,0.046414775044274444
183.equake,l,25,1,0.043926009868158554
183.equake,r,16,1,0.07045294627745748
183.equake,r,17,1,0.06451640303102116
183.equake,r,18,1,0.06345520617965238
183.equake,r,19,1,0.06179008332640766
183.equake,r,20,1,0.06082530825826754
183.equake,r,21,1,0.0592847020875598
183.equake,r,22,1,0.05638610104149046
183.equake,r,23,1,0.052398719969302746
183.equake,r,24,1,0.04512443881382158
183.equake,r,25,1,0.018884415597289067
186.crafty,2,16,1,0.003218374514382999
186.crafty,2,17,1,0.0013405947869200231
186.crafty,2,18,1,0.0006471546720031356
186.crafty,2,19,1,0.00033450293554267006
186.crafty,2,20,1,0.00008991850671909961
186.crafty,2,21,1,0.00002848826459077928
186.crafty,2,22,1,0.00002848826459077928
186.crafty,2,23,1,0.00002848826459077928
186.crafty,2,24,1,0.00002848826459077928
186.crafty,2,25,1,0.00002848826459077928
186.crafty,f,16,1,0.004066329647211106
186.crafty,f,17,1,0.001669481639378727
186.crafty,f,18,1,0.000773756492654614
186.crafty,f,19,1,0.0003931271753748621
186.crafty,f,20,1,0.0001090044884222707
186.crafty,f,21,1,0.00002848826459077928
186.crafty,f,22,1,0.00002848826459077928
186.crafty,f,23,1,0.00002848826459077928
186.crafty,f,24,1,0.00002848826459077928
186.crafty,f,25,1,0.00002848826459077928
186.crafty,l,16,1,0.0025864693228816417
186.crafty,l,17,1,0.0011055866566303323
186.crafty,l,18,1,0.0005608211594966767
186.crafty,l,19,1,0.0003000423995919627
186.crafty,l,20,1,0.00007875431541299226
186.crafty,l,21,1,0.00002848826459077928
186.crafty,l,22,1,0.00002848826459077928
186.crafty,l,23,1,0.00002848826459077928
186.crafty,l,24,1,0.00002848826459077928
186.crafty,l,25,1,0.00002848826459077928
186.crafty,r,16,1,0.004287560632506144
186.crafty,r,17,1,0.0017695216030235415
186.crafty,r,18,1,0.0008198543249497294
186.crafty,r,19,1,0.00040888374834585384
186.crafty,r,20,1,0.0001090085669139802
186.crafty,r,21,1,0.00002848826459077928
186.crafty,r,22,1,0.00002848826459077928
186.crafty,r,23,1,0.00002848826459077928
186.crafty,r,24,1,0.00002848826459077928
186.crafty,r,25,1,0.00002848826459077928
188.ammp,2,16,1,0.0421671776045812
188.ammp,2,17,1,0.034523919527677
188.ammp,2,18,1,0.028463744801800202
188.ammp,2,19,1,0.02179371508109429
188.ammp,2,20,1,0.014540197718455636
188.ammp,2,21,1,0.0099531432141584
188.ammp,2,22,1,0.005652293949696546
188.ammp,2,23,1,0.0019213222444367285
188.ammp,2,24,1,0.0005295858587872154
188.ammp,2,25,1,0.00045608550278900396
188.ammp,f,16,1,0.04362563079305419
188.ammp,f,17,1,0.03611462178528929
188.ammp,f,18,1,0.02985369766762868
188.ammp,f,19,1,0.023129596944276153
188.ammp,f,20,1,0.015075002521538443
188.ammp,f,21,1,0.010209281103275906
188.ammp,f,22,1,0.006733198286054105
188.ammp,f,23,1,0.002460135938081123
188.ammp,f,24,1,0.0005507759007573181
188.ammp,f,25,1,0.00045608550278900396
188.ammp,l,16,1,0.04237627650143081
188.ammp,l,17,1,0.035039304378491606
188.ammp,l,18,1,0.029264839321054132
188.ammp,l,19,1,0.02275192184904086
188.ammp,l,20,1,0.014911739278282293
188.ammp,l,21,1,0.009819614254665597
188.ammp,l,22,1,0.007428805934567656
188.ammp,l,23,1,0.002254605423885496
188.ammp,l,24,1,0.0005983897021241613
188.ammp,l,25,1,0.00045608550278900396
188.ammp,r,16,1,0.04381336639939686
188.ammp,r,17,1,0.035704890338692334
188.ammp,r,18,1,0.028999852326439035
188.ammp,r,19,1,0.02235307820002608
188.ammp,r,20,1,0.015441938893513946
188.ammp,r,21,1,0.01023120711577457
188.ammp,r,22,1,0.005355593071757705
188.ammp,r,23,1,0.0018665287013806874
188.ammp,r,24,1,0.0005175927624002832
188.ammp,r,25,1,0.00045608550278900396
189.lucas,2,16,1,0.08642152059178662
189.lucas,2,17,1,0.08640690711339051
189.lucas,2,18,1,0.08639618861019817
189.lucas,2,19,1,0.0863794643210641
189.lucas,2,20,1,0.08634007979157445
189.lucas,2,21,1,0.08624095278527504
189.lucas,2,22,1,0.08598221064127275
189.lucas,2,23,1,0.08518804794982551
189.lucas,2,24,1,0.08140534895435403
189.lucas,2,25,1,0.06466810885876742
189.lucas,f,16,1,0.08677052298534914
189.lucas,f,17,1,0.08658344703345656
189.lucas,f,18,1,0.08648507018721663
189.lucas,f,19,1,0.08642293080258916
189.lucas,f,20,1,0.08635422920699082
189.lucas,f,21,1,0.08622648348178524
189.lucas,f,22,1,0.08593709065379074
189.lucas,f,23,1,0.08547892758154152
189.lucas,f,24,1,0.08171598280096994
189.lucas,f,25,1,0.06125116132605456
189.lucas,l,16,1,0.08640753562587279
189.lucas,l,17,1,0.08640146676340953
189.lucas,l,18,1,0.08639370384579692
189.lucas,l,19,1,0.08637667769045271
189.lucas,l,20,1,0.08633230110483145
189.lucas,l,21,1,0.08621555547443215
189.lucas,l,22,1,0.08593182376424394
189.lucas,l,23,1,0.08547595172136559
189.lucas,l,24,1,0.08196356941159506
189.lucas,l,25,1,0.06368881657666305
189.lucas,r,16,1,0.08727831151090312
189.lucas,r,17,1,0.08683754629492849
189.lucas,r,18,1,0.0866333450674436
189.lucas,r,19,1,0.08651770327617088
189.lucas,r,20,1,0.08642036944526892
189.lucas,r,21,1,0.08628172274550518
189.lucas,r,22,1,0.085959554906383
189.lucas,r,23,1,0.0848686239393894
189.lucas,r,24,1,0.0802256400360559
189.lucas,r,25,1,0.06388246600319102
191.fma3d,2,16,1,0.024657172774907147
191.fma3d,2,17,1,0.02440902430472582
191.fma3d,2,18,1,0.023837752501293
191.fma3d,2,19,1,0.023201047692226504
191.fma3d,2,20,1,0.022647798303160584
191.fma3d,2,21,1,0.02243894202243676
191.fma3d,2,22,1,0.02236092330575024
191.fma3d,2,23,1,0.02173341242261411
191.fma3d,2,24,1,0.019311713951267705
191.fma3d,2,25,1,0.013686443796266528
191.fma3d,f,16,1,0.0250523649772658
191.fma3d,f,17,1,0.02467292378736622
191.fma3d,f,18,1,0.02368420091817746
191.fma3d,f,19,1,0.023475275707626954
191.fma3d,f,20,1,0.022381089109489695
191.fma3d,f,21,1,0.022363676122320608
191.fma3d,f,22,1,0.02235457957344698
191.fma3d,f,23,1,0.02234113169249849
191.fma3d,f,24,1,0.01979767798237338
191.fma3d,f,25,1,0.014164786157964735
191.fma3d,l,16,1,0.02435208717376182
191.fma3d,l,17,1,0.024341420556613754
191.fma3d,l,18,1,0.023516776933911
191.fma3d,l,19,1,0.02339927236777772
191.fma3d,l,20,1,0.022348227088149857
191.fma3d,l,21,1,0.022347491836665245
191.fma3d,l,22,1,0.02234660559603647
191.fma3d,l,23,1,0.022337843849178154
191.fma3d,l,24,1,0.019969388745384953
191.fma3d,l,25,1,0.013760565242434904
191.fma3d,r,16,1,0.02586377844974244
191.fma3d,r,17,1,0.025028450703903894
191.fma3d,r,18,1,0.024272833190816176
191.fma3d,r,19,1,0.0236319553919248
191.fma3d,r,20,1,0.023146434481133515
191.fma3d,r,21,1,0.022830869358083976
191.fma3d,r,22,1,0.022514358911697077
191.fma3d,r,23,1,0.021487324188363625
191.fma3d,r,24,1,0.018878826980831806
191.fma3d,r,25,1,0.013893255158798768
197.parser,2,16,1,0.016306261305444814
197.parser,2,17,1,0.009037927096993813
197.parser,2,18,1,0.005551216442928739
197.parser,2,19,1,0.003973170228817172
197.parser,2,20,1,0.002843587066471756
197.parser,2,21,1,0.001886144549500862
197.parser,2,22,1,0.001084563342090099
197.parser,2,23,1,0.0007841797979156992
197.parser,2,24,1,0.000563268155851489
197.parser,2,25,1,0.0004701346145949085
197.parser,f,16,1,0.018171839256669046
197.parser,f,17,1,0.010371930127242898
197.parser,f,18,1,0.005869600216097419
197.parser,f,19,1,0.004096465737944958
197.parser,f,20,1,0.0028419246294810767
197.parser,f,21,1,0.0019017822929946649
197.parser,f,22,1,0.0010565157773554086
197.parser,f,23,1,0.0007466609047684148
197.parser,f,24,1,0.0005947004765174601
197.parser,f,25,1,0.0004701346145949085
197.parser,l,16,1,0.016628205203112402
197.parser,l,17,1,0.009660605275971056
197.parser,l,18,1,0.0055207992638900095
197.parser,l,19,1,0.0039144559769190785
197.parser,l,20,1,0.0027421413402617775
197.parser,l,21,1,0.0018454276750756236
197.parser,l,22,1,0.0010222918172145224
197.parser,l,23,1,0.0007292766044018999
197.parser,l,24,1,0.0005470002261227974
197.parser,l,25,1,0.0004701346145949085
197.parser,r,16,1,0.016923725477496744
197.parser,r,17,1,0.009354303399079408
197.parser,r,18,1,0.005867741024128425
197.parser,r,19,1,0.004239619242275306
197.parser,r,20,1,0.0030666886769902405
197.parser,r,21,1,0.0020426702635529797
197.parser,r,22,1,0.001213299554096474
197.parser,r,23,1,0.0008622501772455816
197.parser,r,24,1,0.0005774387915722133
197.parser,r,25,1,0.0004701346145949085
200.sixtrack,2,16,1,0.0021823847771482944
200.sixtrack,2,17,1,0.0021666104438970487
200.sixtrack,2,18,1,0.0021634490965860725
200.sixtrack,2,19,1,0.0021472798480717645
200.sixtrack,2,20,1,0.0016278366639301874
200.sixtrack,2,21,1,0.00011978286230301381
200.sixtrack,2,22,1,0.00005026562476517098
200.sixtrack,2,23,1,0.00005026562476517098
200.sixtrack,2,24,1,0.00005026562476517098
200.sixtrack,2,25,1,0.00005026562476517098
200.sixtrack,f,16,1,0.0024144390109302276
200.sixtrack,f,17,1,0.0022846009984677025
200.sixtrack,f,18,1,0.0022211998844911336
200.sixtrack,f,19,1,0.0021912632823445277
200.sixtrack,f,20,1,0.0021175599430182236
200.sixtrack,f,21,1,0.00023725496401549338
200.sixtrack,f,22,1,0.00005026562476517098
200.sixtrack,f,23,1,0.00005026562476517098
200.sixtrack,f,24,1,0.00005026562476517098
200.sixtrack,f,25,1,0.00005026562476517098
200.sixtrack,l,16,1,0.002163528079638685
200.sixtrack,l,17,1,0.0021623048549264303
200.sixtrack,l,18,1,0.00216169526777678
200.sixtrack,l,19,1,0.0021613489574691712
200.sixtrack,l,20,1,0.0021015263833378908
200.sixtrack,l,21,1,0.00023515077448563792
200.sixtrack,l,22,1,0.00005026562476517098
200.sixtrack,l,23,1,0.00005026562476517098
200.sixtrack,l,24,1,0.00005026562476517098
200.sixtrack,l,25,1,0.00005026562476517098
200.sixtrack,r,16,1,0.002452652631949326
200.sixtrack,r,17,1,0.0023024876220747127
200.sixtrack,r,18,1,0.002226137337882652
200.sixtrack,r,19,1,0.0020834736927997466
200.sixtrack,r,20,1,0.0013162647230257854
200.sixtrack,r,21,1,0.00009829137116651122
200.sixtrack,r,22,1,0.00005026562476517098
200.sixtrack,r,23,1,0.00005026562476517098
200.sixtrack,r,24,1,0.00005026562476517098
200.sixtrack,r,25,1,0.00005026562476517098
252.eon,2,16,1,0.000038153658059495505
252.eon,2,17,1,0.0000011373328699382917
252.eon,2,18,1,0.0000011373328699382917
252.eon,2,19,1,0.0000011373328699382917
252.eon,2,20,1,0.0000011373328699382917
252.eon,2,21,1,0.0000011373328699382917
252.eon,2,22,1,0.0000011373328699382917
252.eon,2,23,1,0.0000011373328699382917
252.eon,2,24,1,0.0000011373328699382917
252.eon,2,25,1,0.0000011373328699382917
252.eon,f,16,1,0.000060547279101348364
252.eon,f,17,1,0.0000011373328699382917
252.eon,f,18,1,0.0000011373328699382917
252.eon,f,19,1,0.0000011373328699382917
252.eon,f,20,1,0.0000011373328699382917
252.eon,f,21,1,0.0000011373328699382917
252.eon,f,22,1,0.0000011373328699382917
252.eon,f,23,1,0.0000011373328699382917
252.eon,f,24,1,0.0000011373328699382917
252.eon,f,25,1,0.0000011373328699382917
252.eon,l,16,1,0.00003855506966065019
252.eon,l,17,1,0.0000011373328699382917
252.eon,l,18,1,0.0000011373328699382917
252.eon,l,19,1,0.0000011373328699382917
252.eon,l,20,1,0.0000011373328699382917
252.eon,l,21,1,0.0000011373328699382917
252.eon,l,22,1,0.0000011373328699382917
252.eon,l,23,1,0.0000011373328699382917
252.eon,l,24,1,0.0000011373328699382917
252.eon,l,25,1,0.0000011373328699382917
252.eon,r,16,1,0.0000483474542077931
252.eon,r,17,1,0.0000011373328699382917
252.eon,r,18,1,0.0000011373328699382917
252.eon,r,19,1,0.0000011373328699382917
252.eon,r,20,1,0.0000011373328699382917
252.eon,r,21,1,0.0000011373328699382917
252.eon,r,22,1,0.0000011373328699382917
252.eon,r,23,1,0.0000011373328699382917
252.eon,r,24,1,0.0000011373328699382917
252.eon,r,25,1,0.0000011373328699382917
253.perlbmk,2,16,1,0.0029833913511963838
253.perlbmk,2,17,1,0.001687563094350419
253.perlbmk,2,18,1,0.0010040850272413297
253.perlbmk,2,19,1,0.0006348084118050658
253.perlbmk,2,20,1,0.00045995466034604574
253.perlbmk,2,21,1,0.0003469762682068697
253.perlbmk,2,22,1,0.0002746295970791513
253.perlbmk,2,23,1,0.00020766751045330091
253.perlbmk,2,24,1,0.0001845514765567942
253.perlbmk,2,25,1,0.00018402838459091685
253.perlbmk,f,16,1,0.003292957597602159
253.perlbmk,f,17,1,0.0017637703315361616
253.perlbmk,f,18,1,0.0010427022653097507
253.perlbmk,f,19,1,0.0006950892352530705
253.perlbmk,f,20,1,0.0005066866651285798
253.perlbmk,f,21,1,0.0003739265556882681
253.perlbmk,f,22,1,0.0002819339396207784
253.perlbmk,f,23,1,0.00020951990856184037
253.perlbmk,f,24,1,0.00018489564370536941
253.perlbmk,f,25,1,0.00018403048958876746
253.perlbmk,l,16,1,0.0030177375486259107
253.perlbmk,l,17,1,0.0016353570426573657
253.perlbmk,l,18,1,0.0009281588072686439
253.perlbmk,l,19,1,0.0005696513608361161
253.perlbmk,l,20,1,0.00044090863979369925
253.perlbmk,l,21,1,0.00033201183848686187
253.perlbmk,l,22,1,0.0002729982237449262
253.perlbmk,l,23,1,0.0002072475633821036
253.perlbmk,l,24,1,0.00018456305404497255
253.perlbmk,l,25,1,0.00018402838459091685
253.perlbmk,r,16,1,0.0031404326108435167
253.perlbmk,r,17,1,0.001845491610591585
253.perlbmk,r,18,1,0.0011251518736214861
253.perlbmk,r,19,1,0.0007372291872244923
253.perlbmk,r,20,1,0.0005227835836922175
253.perlbmk,r,21,1,0.00038385793554746023
253.perlbmk,r,22,1,0.00028928564461404435
253.perlbmk,r,23,1,0.00021124179680364182
253.perlbmk,r,24,1,0.00018472829637624567
253.perlbmk,r,25,1,0.00018402838459091685
254.gap,2,16,1,0.009212813427498762
254.gap,2,17,1,0.009095995959811773
254.gap,2,18,1,0.009044113744225127
254.gap,2,19,1,0.008999587419351696
254.gap,2,20,1,0.008981706227128829
254.gap,2,21,1,0.00897598050467362
254.gap,2,22,1,0.008974541280426712
254.gap,2,23,1,0.00897055094027644
254.gap,2,24,1,0.008694857663845928
254.gap,2,25,1,0.005211314093557585
254.gap,f,16,1,0.00931015850287041
254.gap,f,17,1,0.009171894255814559
254.gap,f,18,1,0.009091224957412049
254.gap,f,19,1,0.0090225175868884
254.gap,f,20,1,0.009000862977303377
254.gap,f,21,1,0.0089878385174444
254.gap,f,22,1,0.008980855422181423
254.gap,f,23,1,0.008977035243020633
254.gap,f,24,1,0.008974780285175296
254.gap,f,25,1,0.005143813437226515
254.gap,l,16,1,0.009140359917328828
254.gap,l,17,1,0.009083572908640808
254.gap,l,18,1,0.009044057889854535
254.gap,l,19,1,0.00898142305845931
254.gap,l,20,1,0.008977063819675354
254.gap,l,21,1,0.00897435683110987
254.gap,l,22,1,0.00897422823616362
254.gap,l,23,1,0.008973913892961679
254.gap,l,24,1,0.008973543695389144
254.gap,l,25,1,0.006767297355904365
254.gap,r,16,1,0.009590546144308435
254.gap,r,17,1,0.00928620736939682
254.gap,r,18,1,0.009145736225233118
254.gap,r,19,1,0.009064423952099365
254.gap,r,20,1,0.009019496255120973
254.gap,r,21,1,0.00899625434226003
254.gap,r,22,1,0.008984104068247775
254.gap,r,23,1,0.008904528476357807
254.gap,r,24,1,0.008082579455527724
254.gap,r,25,1,0.004568039307437966
255.vortex,2,16,1,0.008779537431960097
255.vortex,2,17,1,0.005533269886017118
255.vortex,2,18,1,0.0033241121731630704
255.vortex,2,19,1,0.002406820476057994
255.vortex,2,20,1,0.0018627334614045436
255.vortex,2,21,1,0.0013641217057796234
255.vortex,2,22,1,0.0008875358052841393
255.vortex,2,23,1,0.0005417251303106468
255.vortex,2,24,1,0.00036913043196029084
255.vortex,2,25,1,0.0003347547457101419
255.vortex,f,16,1,0.009622825131167728
255.vortex,f,17,1,0.00639799682016687
255.vortex,f,18,1,0.003980903430850476
255.vortex,f,19,1,0.0028179667766642844
255.vortex,f,20,1,0.002092539673428131
255.vortex,f,21,1,0.0015104532771442417
255.vortex,f,22,1,0.00099684098867693
255.vortex,f,23,1,0.0006063842814604788
255.vortex,f,24,1,0.0003877110166679423
255.vortex,f,25,1,0.0003359523751078786
255.vortex,l,16,1,0.00885851935783656
255.vortex,l,17,1,0.005258984514013922
255.vortex,l,18,1,0.0028819802605182304
255.vortex,l,19,1,0.002221947830023445
255.vortex,l,20,1,0.0017877551862156918
255.vortex,l,21,1,0.0013043698828050833
255.vortex,l,22,1,0.0008206585366645441
255.vortex,l,23,1,0.0005074983454647179
255.vortex,l,24,1,0.0003613926934720198
255.vortex,l,25,1,0.00033437992493400134
255.vortex,r,16,1,0.009292335897235377
255.vortex,r,17,1,0.006185094768420661
255.vortex,r,18,1,0.003993370072555534
255.vortex,r,19,1,0.0028328209753680457
255.vortex,r,20,1,0.002100878152064463
255.vortex,r,21,1,0.0015131643096072856
255.vortex,r,22,1,0.0009942454831654364
255.vortex,r,23,1,0.0005964656508534997
255.vortex,r,24,1,0.0003792120839322352
255.vortex,r,25,1,0.0003352566461329876
300.twolf,2,16,1,0.05971978216453582
300.twolf,2,17,1,0.05261256000759417
300.twolf,2,18,1,0.04256702574125623
300.twolf,2,19,1,0.029140087555110238
300.twolf,2,20,1,0.011744396087120475
300.twolf,2,21,1,0.00003851424028766157
300.twolf,2,22,1,0.00003850969440416379
300.twolf,2,23,1,0.00003850969440416379
300.twolf,2,24,1,0.00003850969440416379
300.twolf,2,25,1,0.00003850969440416379
300.twolf,f,16,1,0.06176422659470283
300.twolf,f,17,1,0.05439664047572053
300.twolf,f,18,1,0.044321350371300645
300.twolf,f,19,1,0.0310218757278433
300.twolf,f,20,1,0.012940708971929324
300.twolf,f,21,1,0.000038520301465658606
300.twolf,f,22,1,0.00003850969440416379
300.twolf,f,23,1,0.00003850969440416379
300.twolf,f,24,1,0.00003850969440416379
300.twolf,f,25,1,0.00003850969440416379
300.twolf,l,16,1,0.05899777161093998
300.twolf,l,17,1,0.052031744595439265
300.twolf,l,18,1,0.04167957230364231
300.twolf,l,19,1,0.027900544833532034
300.twolf,l,20,1,0.010839660715742508
300.twolf,l,21,1,0.000038512724993162306
300.twolf,l,22,1,0.00003850969440416379
300.twolf,l,23,1,0.00003850969440416379
300.twolf,l,24,1,0.00003850969440416379
300.twolf,l,25,1,0.00003850969440416379
300.twolf,r,16,1,0.06375642063994638
300.twolf,r,17,1,0.055087607190910055
300.twolf,r,18,1,0.04448518098197151
300.twolf,r,19,1,0.03105857767590985
300.twolf,r,20,1,0.012954110236480769
300.twolf,r,21,1,0.000038512724993162306
300.twolf,r,22,1,0.00003850969440416379
300.twolf,r,23,1,0.00003850969440416379
300.twolf,r,24,1,0.00003850969440416379
300.twolf,r,25,1,0.00003850969440416379
301.apsi,2,16,1,0.026379714098414057
301.apsi,2,17,1,0.02523479441113688
301.apsi,2,18,1,0.02194880487564256
301.apsi,2,19,1,0.015164846895426395
301.apsi,2,20,1,0.008486744284032666
301.apsi,2,21,1,0.008292263570573541
301.apsi,2,22,1,0.008223299225519396
301.apsi,2,23,1,0.008090979344062391
301.apsi,2,24,1,0.0076872845703929325
301.apsi,2,25,1,0.006759794379760803
301.apsi,f,16,1,0.026350876267272973
301.apsi,f,17,1,0.02557415079955304
301.apsi,f,18,1,0.021350729952857472
301.apsi,f,19,1,0.018445788100877183
301.apsi,f,20,1,0.008310303472938919
301.apsi,f,21,1,0.008294690523396592
301.apsi,f,22,1,0.008237681267497325
301.apsi,f,23,1,0.008089756481645474
301.apsi,f,24,1,0.00770266957409
301.apsi,f,25,1,0.006513363467309245
301.apsi,l,16,1,0.026189443678802656
301.apsi,l,17,1,0.025556920775367285
301.apsi,l,18,1,0.021298050327160215
301.apsi,l,19,1,0.018409414648263418
301.apsi,l,20,1,0.008282913768344183
301.apsi,l,21,1,0.008279765433963783
301.apsi,l,22,1,0.008233729759226864
301.apsi,l,23,1,0.008093337913131866
301.apsi,l,24,1,0.007754540662465548
301.apsi,l,25,1,0.006977403551366234
301.apsi,r,16,1,0.027539309475552175
301.apsi,r,17,1,0.025682508209241672
301.apsi,r,18,1,0.02251746137581011
301.apsi,r,19,1,0.01479543785859971
301.apsi,r,20,1,0.009233866290743027
301.apsi,r,21,1,0.00856920704569988
301.apsi,r,22,1,0.008308313639795598
301.apsi,r,23,1,0.008119586547642393
301.apsi,r,24,1,0.0075648682654834735
301.apsi,r,25,1,0.0067216174732536655
